,Private car_P1_workday,Private car_P2_workday,Private car_P3_workday,Taxi_P1_workday,Taxi_P2_workday,Taxi_P3_workday,Official car_P1_workday,Official car_P2_workday,Official car_P3_workday,Rental car_P1_workday,Rental car_P2_workday,Rental car_P3_workday,Bus_P1_workday,Bus_P2_workday,Bus_P3_workday,SPV_P1_workday,SPV_P2_workday,SPV_P3_workday,Private car_P1_weekend & holiday,Private car_P2_weekend & holiday,Private car_P3_weekend & holiday,Taxi_P1_weekend & holiday,Taxi_P2_weekend & holiday,Taxi_P3_weekend & holiday,Official car_P1_weekend & holiday,Official car_P2_weekend & holiday,Official car_P3_weekend & holiday,Rental car_P1_weekend & holiday,Rental car_P2_weekend & holiday,Rental car_P3_weekend & holiday,Bus_P1_weekend & holiday,Bus_P2_weekend & holiday,Bus_P3_weekend & holiday,SPV_P1_weekend & holiday,SPV_P2_weekend & holiday,SPV_P3_weekend & holiday
0,3858.9492839350596,14289.345972306792,4942.130163196991,206.83970916677606,2642.285904608667,1155.767096400261,549.447258764969,3353.1413524133914,4529.557904827956,135.76213646222922,569.1900301283463,4132.379303885409,16658.012959192336,15603.36015946068,7780.6984041861515,602.1364683870339,8353.17670716842,1202.5526586850485,4244.325186732774,15534.412297451136,5977.067975431184,242.95685663074255,2771.9502713764086,1250.083759084344,614.9809142326733,3741.880236601457,5725.144975482051,184.59453650051728,715.6813614375535,5131.607395817339,21264.540675004322,18607.125617027283,8590.59545147419,714.5089687211206,10546.468145031358,1463.6092738509178
1,3836.9184424771256,14134.498789490839,4851.8718943710555,207.81173345582053,2647.516748185185,1130.3197394537203,544.1057968329646,3336.26549013467,4605.669066016602,135.9776121108708,579.2465179378743,4260.919214888234,16507.06535739714,15188.625140947262,7015.769414775751,591.2067876711262,8233.83249463421,1138.9944286100792,4224.101668106807,15382.52759514117,5935.059507498641,243.2327236905694,2772.483835705556,1233.0852896124125,609.9726261323115,3701.480481689796,5795.026640493299,186.32939627254382,714.7662941621883,5269.31578855291,20825.636612792812,18312.557486653328,7518.7178102731705,707.1856283815345,10378.44163836104,1345.6542128920555
2,3818.2623343779483,13982.567072647753,4757.678520042967,207.98256223174658,2649.808257098225,1104.682906609593,541.8755681975667,3322.636780039492,4674.903010445472,136.90444568087432,589.9419728472299,4348.572144808552,16170.70545833143,14967.079519292056,6227.987656033852,582.6234742818683,8072.490486175621,1075.9885388728346,4210.328345032824,15252.677523353334,5842.6694980954135,242.89832402020693,2771.7424766505137,1252.8614427000284,608.8175830965658,3704.226692294702,5782.189590919639,187.52042935276404,716.7464837240321,5469.214961455017,20430.144077916942,18005.974335312843,7191.255300164223,701.4265518532833,10123.774128248915,1277.460870206356
3,3798.35088152113,13821.027489539112,4637.676685919284,209.08418805355376,2647.8281787694855,1103.3256817333624,538.879481594512,3306.249901727858,4745.535779071034,138.43658598326147,593.9212268071565,4425.360903410659,15782.572968693536,14503.387556573096,5347.796989921819,574.1338644714292,7932.289432081206,1015.7764230648678,4193.050457648727,15150.206310861942,5651.112822537124,241.73761177808046,2773.870601513423,1275.0249130874872,606.2455072229525,3714.087794210141,5821.855936396743,182.40630153240636,733.4298480557544,5548.926108028243,19899.815633674465,17559.663781762123,6485.754040360451,686.0275504337391,9679.618559502065,1209.2450919747353
4,3777.0905369292464,13656.123838458765,4498.651562796434,209.58196844160557,2637.358916603029,1065.526863694191,536.8099894281581,3286.018527377397,4702.698834073723,138.39456579512492,597.2829103058858,4391.890420706524,15444.030281927691,14090.8531901605,4663.740620833906,566.4304416486938,7685.650899519239,969.8031470219295,4169.536459836903,14998.909453504917,5442.687307839096,239.55530688911676,2764.0497690821066,1268.023673310876,603.0537646686455,3682.687799129014,5722.686568904544,181.55801186384633,736.5569931673152,5560.168363229186,19424.891998012863,17273.060221791267,5447.249310135841,677.0824336157879,9300.621212266386,1134.6513839364052
5,3760.2311102253666,13508.095492442215,4381.424948263386,209.70347348532894,2632.918920631436,1081.6611013737593,536.430402163816,3280.99332294647,4788.605053632007,139.52667650461873,609.3667644501556,4538.036131667007,15298.771618950688,13934.394736375207,4715.899548838084,560.8916556275478,7541.5010204491155,992.4553886377452,4149.244816615972,14880.647019588587,5353.581371242305,237.32768011838198,2758.58823914174,1294.8776133209467,615.1262497700104,3700.841970007246,5840.504142332698,181.31772314431146,744.0305973993881,5609.270631442219,19061.843531688053,17258.596539855003,5635.077938437462,668.4105961294612,8935.283579481144,1092.3366847634315
6,3736.7861126458592,13328.3521915349,4248.454175563508,209.99143884805116,2627.692116971043,1016.6568173097843,534.2031958523734,3264.8046690237456,4742.787829059791,140.09797648560595,614.0432761279843,4479.898539419969,14972.359204302373,13535.803755065146,4568.678896691312,554.9733879602543,7310.52395946644,965.2724801460903,4124.111954164796,14671.77286136015,5240.860147729019,236.4444869980216,2743.2550761485472,1272.7012477070093,613.4604915079324,3687.722899656122,5716.805028129245,179.65705742361024,744.6169324027641,5550.110289831708,18668.125389655434,16778.58778601885,5585.114494681358,664.3013126523932,8571.001087648172,1039.9658434987068
7,3710.782972530935,13168.131412061768,4154.603389445436,210.99185981940138,2626.9699801159177,999.7850991415256,534.1042948839951,3249.662679341537,4875.451903448208,140.44351576556537,620.6582380013856,4582.008072097736,14863.083544172261,13428.665275485564,4569.3498532162475,547.7231517280819,7153.013939054342,943.2251069813065,4105.365598538995,14549.243172738588,5293.639720593394,238.8060526177287,2733.2717014933005,1341.8475225120783,614.1024884019641,3682.6167105392865,5885.3734952619925,180.2080956888385,756.5495386528117,5682.274020770938,18529.86597355207,16709.075109302998,5637.3237537145615,657.2615477265557,8397.551241346697,1084.6606432398162
8,3690.92422254554,12989.004463179534,4017.265662638925,210.53300825438717,2613.0671615661545,990.6919844620155,531.3500752459385,3233.9016082122585,4921.237083862293,140.28135075775737,623.9919270877507,4643.187084052238,14661.692477382634,13212.2620429978,4514.989175497131,542.6712086318344,6972.714771301174,915.9729570237073,4088.7273352327256,14385.321835134066,5192.677519232531,238.264878295362,2725.2807074273005,1315.764432683587,606.3352875166236,3665.0239621357373,5789.460358434047,181.271845406387,770.1855321334941,5747.730117608855,18264.158332665764,16618.526909649372,5664.956416964531,650.965194595023,8092.803178775807,1058.361182530721
9,3667.109335757916,12782.931212500036,3920.9045317193245,209.31812685592607,2598.432480254634,981.82478770704,527.6724068080349,3209.612543967468,4823.343082236589,140.54130185073748,622.0201664463058,4538.606317682338,14409.241296187636,12979.019810068223,4666.875579187816,535.375056901687,6713.831054624722,880.745418047905,4054.3005807506347,14177.32088441763,4960.844578942159,236.39639353007078,2704.685932465829,1232.3246916681528,604.1696965896189,3650.62065559191,5759.609373046085,180.97381558129564,773.8197359400136,5679.938148706902,17865.74153431257,16216.077917397022,5650.258430361748,642.7264177324017,7746.48126677523,997.3884902000427
10,3643.45063496958,12612.030727291725,3792.330894626271,209.0557123246518,2588.57617757063,974.8081138386872,524.3887331558411,3194.711658147079,4856.947976368914,141.4834048411047,631.5467402993651,4606.384845130732,14294.944264936768,12903.452972078301,5292.837658929554,530.7204021116323,6549.50510542256,911.1485570033391,4023.202655773094,14045.467338722086,4959.028817806002,236.1075675562024,2704.995858975686,1161.5679397135973,601.6089232020676,3630.200945223992,5729.410076949124,180.55182773480192,785.5971102075918,5708.481094171355,17670.539021452267,16026.287087976933,6234.302383303642,632.6397697118189,7498.508133588731,1003.8671555519104
11,3617.172595579189,12446.245259343072,3749.031290479244,208.70354390550744,2570.190983875909,946.4213677355737,522.7687269088409,3178.5849911267446,4829.969989398822,141.3388238212263,630.3921082945405,4569.408444322239,14024.258573658137,12865.888336758158,6954.7404967695475,524.7412790556974,6375.040334964599,886.6929087544933,4000.0486232640646,13865.760114809385,4863.865382861452,234.93819070607424,2679.777892895974,1156.4835565835238,594.9630870275795,3619.0345844135927,5648.524182660505,178.14196068653837,782.62521828782,5742.619693483908,17304.7343638738,16261.569452822208,7590.233525633812,627.7354011026289,7231.739956029753,976.642670750618
12,3586.7378813953005,12254.03589345048,3638.4022290319595,208.2107260376215,2557.7243565707045,926.7589084704716,521.966316474248,3141.274899544533,4782.826012222762,142.99701928432015,633.2232538953796,4548.292542429404,13775.686982996134,13262.357031705138,13118.601817438548,518.2678603972676,6160.8975582809935,850.3084102341622,3974.5085648583054,13678.449738828496,4764.4941101554605,234.35764572769403,2650.933660873212,1104.517353489995,592.0061103381812,3596.9528880820917,5549.2737988661975,177.9229797855951,790.671315387601,5813.560171776513,16916.149167021118,17587.50538879633,14499.504381775856,618.7722443726923,6914.0771303936845,948.869971871376
13,3554.1360924953665,12059.586613101792,3473.9428538889083,207.24315525591373,2535.0295036225157,881.9602748733578,518.683136527101,3105.408353076232,4651.0795329282455,143.52226265333593,638.3741047997287,4454.714023321912,13463.410155834172,13055.325101291028,14298.324639801274,513.7306492717203,5969.175719069789,798.2660906762787,3937.7722708346128,13479.590125181432,4526.753265369293,234.2815729007125,2612.602807351388,1051.866243198514,587.2903164421804,3563.3686004535607,5459.640697303539,176.98977790074423,785.7897071994487,5671.360412203769,16466.199731131397,17395.820953905582,16361.908856511116,615.9876564231779,6565.433612139523,904.0919146537781
14,3522.5593612367356,11871.581722611128,3415.8310368736074,206.98976860669526,2516.4578516869383,851.2395588267933,517.7239288460088,3081.649134713987,4630.846089288751,144.84922271577472,644.5713203026411,4461.373072611157,13261.641921841336,12795.060223581553,14024.755355795676,509.1585297106116,5773.498480800866,754.8667744087451,3918.2261727066516,13263.332385950442,4463.754666237392,233.55351486057043,2597.0138665521517,1018.6444135457277,587.6307816931228,3542.2644964115075,5476.649430973455,177.23357702977955,788.6081342108193,5722.012636150916,16122.253965993723,17318.83890146017,16011.971514344215,608.0276707646515,6379.0416870271165,893.926090836525
15,3495.004424568293,11666.653287915418,3326.562761158861,206.15518918227065,2497.474895104089,825.9519526741722,513.189243730312,3055.7331314271487,4584.69113953879,143.08800105767494,642.8034539133231,4410.87053136848,12879.996122312867,12252.932247510802,11402.844887347384,502.7437634748266,5627.876101788943,745.1295861851085,3884.3489630916893,13067.91463096505,4366.346333462355,231.24542989581823,2574.322581537999,974.1668435484171,581.4923094936828,3514.4156928316997,5503.1482525300235,178.22600668668747,791.196967066044,5759.331853604316,15609.020451714594,16440.474490582943,12784.145811200142,599.6457786199715,6134.763463671506,877.1848064661026
16,3464.674100413156,11454.71249443368,3138.583266982282,206.0299409668554,2462.8662735501475,791.7925316420468,508.40681808380054,3022.050043772398,4431.15394185138,142.05497748624873,639.9969242288229,4326.201564031162,12480.002646167673,11650.530948149775,7810.9095802347765,496.47605138567815,5407.419664365208,725.3447500734619,3851.9425724353714,12825.835138038452,4179.035508740303,229.24484934657812,2557.1494646156207,964.584148183465,576.9171384141962,3479.019237484162,5453.4474831850575,175.92204532027245,799.8312894858066,5576.244476602475,15153.942149430513,15568.037334144115,9164.970336556435,593.1259212133552,5838.064025099575,873.5724207162857
17,3433.135211083618,11266.900167078531,3080.033876893028,205.67894818972457,2436.8920598416166,766.6786834326657,506.4725229539794,2986.383278960362,4415.269265865444,143.32188707065177,632.9804145333363,4222.353198939247,12167.659726818003,10858.214989606517,5677.046962077419,487.64253046388427,5294.613376682791,676.2910164717472,3791.1824315519452,12578.793973242897,4141.7367882811595,230.39249598234892,2535.841927775182,968.5080601722002,576.8692848549405,3445.651053841536,5406.96539332283,175.72815217077732,817.6862826503459,5498.387328813474,14902.319241076708,14556.237278878689,6248.630805373192,588.8670347270634,5651.057570991168,830.9981642961502
18,3399.1927687875373,11047.94739343922,2940.739686822182,204.06637399169531,2416.5944602767177,724.4087358026794,501.54129268141384,2942.617782365023,4237.189285163333,142.16330545073882,629.6867070325317,4049.13189207338,11816.63199089653,9885.467059339877,4755.81617618736,480.2487242725537,5111.919167188529,678.0563796361288,3755.9718992480457,12343.651112591879,4017.482485213237,230.65102048963308,2518.787376292981,940.154497936368,572.7176011220732,3393.6554784433292,5267.378973631188,177.97984419763088,823.4734144664947,5439.019053468853,14509.523427397013,13145.105714738369,5465.528567671776,583.5540845182802,5511.210577167322,781.5031229257584
19,3365.476000293695,10835.803926594519,2870.486484441626,203.24800271744078,2387.337589746849,716.9922015269597,497.2125719451635,2911.429977633567,4197.180399380557,142.62285150604492,630.6699114984556,4015.6050341633686,11437.334710025025,9260.37179494841,4833.906556769302,476.46460470446584,5033.783459143396,672.7575382897348,3730.117546701811,12136.487641369955,3986.5398031377363,230.54574983567,2491.891827234067,941.186894968152,570.2130466616272,3350.056795913105,5231.081156043336,178.95259556174278,817.9382633871976,5396.657159288476,14222.967174500227,11997.964175999165,5440.169513106346,573.2027037528421,5393.288771507392,823.9364665150642
20,3329.9105999421754,10636.110952684561,2760.084585811772,202.30048573423517,2363.5421568812294,696.6622739524553,493.61978269736215,2875.1138337090274,4133.76237443602,140.66615104692227,629.2501105450241,3942.057199200762,11109.337890625276,8591.508664032162,4919.223274437316,468.5519830383812,4874.648484677447,647.8301508354418,3699.9106058968923,11942.285069203037,3865.510715375699,227.77503179758787,2456.017716892995,934.7303354293108,567.3790443605303,3325.1962540031723,5212.841508476064,178.8432664424181,812.2821492006382,5321.568408439309,13859.805395334959,10773.092210233212,5511.394707083702,568.1746646848585,5332.865912712862,745.5082319378853
21,3294.9994605695897,10425.334850694382,2628.280595676001,201.65050444142386,2329.969394521957,696.4815271370339,489.05576478922245,2838.4122224267794,3996.2626507234168,139.82166057300162,622.7139328773196,3805.4050298718344,10724.505505128616,7789.034894020608,4798.999837445942,460.0453587813585,4727.754119516332,602.0429110671535,3663.069140927697,11751.772732915388,3686.5686628524036,225.00739143043756,2412.081839450635,939.2917391806841,562.1176994558293,3279.3246085972837,5124.030479637906,177.32811450958252,807.0315350790819,5160.879538893452,13434.966882318258,9624.616792142391,5303.90044438839,560.8829864350225,5189.188964076091,714.1174402832985
22,3260.4348304186597,10220.155592380337,2543.9661750871896,201.25105232948607,2300.7048284905877,725.3979170358542,484.3988301079586,2800.9863558771144,3923.6338720092945,140.0839121776887,621.6956208782586,3721.7479335220023,10412.884519582045,7462.373949363715,4592.263426437974,452.76681925381223,4645.651730761212,580.8521076657555,3631.9059985296976,11541.47683039795,3638.056329260625,223.54823327809572,2386.71484450344,946.2439355999231,558.6339550183335,3257.6007794768857,5113.087353257462,178.08202020823956,815.7664569516977,5120.745632702858,13159.139922589064,8998.423032104969,5072.062002539635,553.8394365993406,5013.053841270259,768.0159297585487
23,3229.2469388215377,10012.814138089954,2452.9998151178484,200.07602728903294,2270.7904231771827,697.6886508500937,484.3352384001221,2760.543018225298,3797.3908627852115,138.43634162182835,621.1253533645518,3611.75688275302,10125.636701155392,7062.624240581173,4245.347581043839,444.81243388108686,4507.834116506406,558.6473992773981,3599.8886936646754,11328.408401743725,3518.1165088290973,222.82151068001986,2358.2218816662207,906.1388607174158,556.519974602125,3212.80957064343,5061.35180170151,181.1774180829525,821.1134671171507,4937.910793507845,12763.949242204428,8514.179062664509,4830.121745467186,545.3726006236936,4851.171563863009,755.4130054116249
24,3196.5472766241564,9784.573372875311,2324.1309078461163,198.82948610322043,2231.6410839781165,677.0631917209337,479.233189098151,2716.4019140978767,3631.1427279816203,136.97319151071662,618.6453305710853,3433.8919219001227,9923.899642775958,6693.774703598723,4086.353459405628,440.37266325839994,4290.286413930659,566.9959661238121,3564.824746213561,11105.474583775955,3410.802471732597,220.6840859428048,2315.904701807536,840.4816869646311,551.2297962621966,3165.3039335341505,4848.784713539606,180.16634261608124,820.3870074947675,4828.604413891584,12343.70857283473,8107.6493465304375,4720.633057951927,535.3168584741419,4613.759342971693,719.7457237839699
25,3164.0643268159165,9597.305400424044,2296.342754959957,198.63317405500194,2208.75177098472,674.5822956742663,477.89035967021516,2677.095942399549,3572.5021776427598,136.0917534396391,617.6182728475197,3381.7570886220446,9689.710320781178,6590.245787499868,4218.838692712513,431.93610433920315,4180.390987256337,545.4252736387831,3533.1786128801164,10923.811768711763,3274.0476638232667,218.65717197209597,2290.5945077920333,856.114002302289,548.098502533249,3116.771590543911,4782.352828267341,181.26602314412594,807.6042233904203,4764.338388561954,11961.668289870024,7719.5706686377525,4769.038022398949,528.3309544957941,4522.908325621735,740.7922530770302
26,3132.8762884766084,9380.678748443383,2233.523336060016,197.48775551942262,2175.7035765979776,655.0009186881962,474.50050547161135,2632.932995514267,3470.8677174492313,135.15749831650066,611.2595924285732,3249.5875358307453,9421.351568357111,6466.086877138663,4082.4452545466747,426.91058980698386,4073.250590562356,523.273477471236,3496.6351011003994,10735.518907538211,3135.6404593939583,215.7311912253499,2260.6983924889937,866.3559368401766,543.5566759969909,3079.6383603643626,4627.057858052974,181.31017485260963,803.7656031151613,4630.100139717013,11562.769071727991,7422.2181196808815,4703.269673705101,522.8155365325277,4380.340456733356,781.2952870329221
27,3094.9303569263807,9164.412189091809,2137.7274746713183,195.8011433902112,2135.3596519563685,637.3867835528923,471.4442122709099,2590.3549483741886,3320.934282720811,133.89915478788316,608.5481394459308,3162.067023710455,9089.214754358889,6245.528878134647,4009.048341408372,417.72585260689715,3906.931393093309,519.2121317206006,3461.0235595088147,10502.459494611776,3030.456669425467,214.71472788602114,2235.964168676175,824.0351215749979,539.1088924523312,3034.3413183819503,4516.805035653835,174.98000364005566,797.2046392460663,4500.085227618367,11128.340501517057,7146.032816231251,4642.221274733543,511.93908793104345,4176.769389406096,802.3135484655697
28,3064.4293224754656,8971.016188795933,2081.6681093583375,194.32791612771425,2095.885190823539,621.0977339925189,468.73997530562207,2547.6935222634875,3295.220400118466,133.59028606404635,605.984286138727,3087.2454622890464,8942.037030192538,6135.212744202013,4232.470401941376,412.8306572040148,3745.770449803591,535.3189013979652,3426.15945561879,10276.053862026489,2959.4168135081727,214.08768410235643,2206.32079023961,815.4522965103388,538.1930737372357,3004.8961670529097,4417.520423177009,173.74499079585075,793.7261886497338,4397.516054057827,11006.908641070127,6959.739174306393,4893.021512389183,502.4702040441101,4042.4313888701304,846.6906247337658
29,3028.8240100330922,8768.162801658904,1989.0815610877362,193.8002238097516,2058.449016864327,600.8481987353528,465.08935096579756,2508.104545869441,3188.176808337371,132.9230986821719,602.2971025201815,3021.7353732086044,8743.96228434241,6014.778983559007,4043.6245025328612,406.3739783041631,3632.3048332747785,525.3381865277435,3394.2125764218167,10079.716856828487,2788.8834617689254,211.39633030444384,2179.4082110309973,793.4938452094793,535.7259684678037,2966.129985583946,4283.90203905416,173.14494740217924,788.9032252033551,4242.549947742373,10721.92532786727,6765.2745832800865,4761.18606698513,498.0141170210903,3927.844766353816,827.4367789626122
30,2985.541827837429,8557.931997280566,1886.9591671053981,192.35420507057145,2016.0243343446743,577.9723093907038,460.4277902840644,2463.199057443406,3077.11503622568,132.23662769134071,596.7996189199118,2878.365316350397,8537.053404802225,5932.646595270683,3878.855094913732,396.9004451614664,3512.570146761759,550.729422734723,3361.9665852911467,9846.676121945835,2743.582332556943,209.81078261882067,2140.833320119418,767.9907776862383,532.1423640277106,2922.7820672970265,4163.20479896975,171.46202778071165,782.3605181574821,4084.1939229207737,10255.952888041735,6505.809915363789,4568.107016921043,488.3372228629654,3876.223854745676,838.9334778189659
31,2954.9218664936484,8357.872544148653,1837.02401082686,190.40270893004808,1979.1883595430038,561.5266472606947,456.6433734161363,2417.414155488495,3020.621391020038,131.9342531279068,588.8103655940159,2815.6125733518693,8390.098259269791,5785.517723266261,3818.610904350877,391.1976609212206,3415.313870584604,560.7271073435293,3320.7800293790497,9635.925627250566,2634.2563930208485,208.40026176720858,2109.4843120360747,739.0031801015139,529.8537148672957,2895.3102665822953,4083.3263442050666,170.76636501401663,777.6792840957642,3999.1982123988373,10101.086188346148,6463.7343942523,4235.056699156761,487.86425698173696,3738.4127770891855,849.415766954422
32,2920.238276769107,8154.832840622374,1777.5127144606597,188.3212961595167,1940.7988570176742,537.3965309822198,453.29793473798003,2369.533276359974,2937.0512878768373,130.96392279202965,586.4895923501118,2728.860661916706,8178.288625277855,5669.318524456724,3755.8871831067586,385.07770132840136,3339.2900483557673,535.425472555016,3282.77560166043,9442.609124709263,2581.389059146742,206.27798325568438,2081.8440249944106,722.8827366381884,525.493535741033,2849.608699319884,4038.9545476865023,169.56716476380825,762.4326498806477,3813.528088295211,9959.137435942888,6285.112649142742,4268.626537680626,480.18614921343976,3590.5687829088242,846.9659693241119
33,2885.0122102976657,7968.528541690472,1707.2045800710139,186.7072336050597,1902.6711172197354,520.1496049779834,446.4952828955449,2322.1114804715935,2841.807025495804,129.94327478669584,575.7501165796817,2620.8711719278585,7944.663013723362,5619.560951307303,3918.0954319387674,379.4702031161072,3222.7760615360307,515.7079977861558,3244.2256223995223,9238.990760866895,2449.889501850307,203.3141164854169,2043.4704467142,679.5320469886065,518.6944326598067,2788.731022907421,3918.9444345536176,168.55811646580696,753.6385837346315,3655.569655759881,9572.664741963148,6223.319654405117,4369.423014998436,468.59095526111776,3403.840846766141,768.4804182052612
34,2849.174402741221,7778.962386663212,1656.5837776811607,185.113460034132,1872.9546106952157,518.2997109528743,439.99825655555884,2274.1842099074274,2826.9414852875652,130.54222308658063,571.403434812115,2544.851424787126,7795.589484488563,5530.507547452933,3971.652494434606,374.31370331304095,3094.8584354513278,521.0440616335532,3205.3662121254933,9058.150515739217,2382.849744250874,201.04891503602266,2016.9490622365847,665.4030417948961,516.0751302976031,2723.3260463457555,3889.3459111752454,163.27743212878704,749.0500165969133,3573.8898692963025,9318.17178556323,6283.1019968390465,4554.7876714468,462.052018318302,3307.505680325734,874.3044856786728
35,2814.003068428049,7584.041277375072,1613.0119840165753,183.50615960088643,1831.8727599497545,510.8669291698571,433.9378815532613,2237.2847889687187,2764.3291442574878,128.47723228975454,567.9027294940977,2479.0579582313244,7601.586261585948,5359.030103974609,4044.9954801079903,368.4572054075698,2951.228877524962,542.2862540102968,3171.928326833619,8850.385501132378,2282.6040736779573,197.92086780816317,1973.6501425886527,687.795102789998,507.61661617344805,2691.753691820428,3801.806299716467,161.90086595714092,736.880215421319,3404.8302035567663,9018.071527272463,6075.127833425999,4682.669732451439,452.87620240820104,3211.3288110809312,880.8462017774582
36,2777.9543110833065,7391.611434146197,1543.173185385254,181.94365922700274,1795.4941500106995,489.6387383576595,429.9084595030887,2195.0915349801494,2659.840043533932,127.31183039210737,556.5383912261644,2364.352652473477,7364.998554803346,5169.639747000441,3986.0661178976297,364.17332333689836,2816.8685298421824,554.7765371093847,3130.733961796014,8635.957639970848,2158.6819195295375,194.60373777896166,1935.3959573293105,675.8841547220945,503.0157005924601,2638.215653507039,3657.87902526084,160.8725976496935,728.8168038576841,3229.885340952625,8621.1237334311,5917.816862642765,4718.16973054409,444.6622860766714,3080.1518710868345,864.1904627084732
37,2745.2470138114545,7207.671996149036,1500.9637297542579,180.4845493679697,1761.4519605318253,464.822838638768,427.05102914255474,2151.6698409886185,2630.934795999166,126.04539564404298,553.1141959473898,2336.364940231813,7062.908417083238,5099.681618851581,3907.386721008203,358.5201988581681,2731.6100609812524,553.7970199096083,3091.0424475796503,8457.765932121345,2097.2104061737655,193.1210097745061,1902.2937039518729,688.9043118208647,498.1713819939514,2608.7747907023877,3585.0066516799075,158.99914748966694,717.6309128850698,3107.729131990423,8350.995338827372,5801.120048701763,4533.679438948631,437.20753559840375,3000.23575557041,951.586445291837
38,2707.271347180735,7020.276558001723,1453.7284130333821,177.97148629481143,1718.9132607315075,456.48865832704485,421.88646000307415,2112.07221182622,2560.580835824663,124.35782042839988,545.061823806072,2256.6968510190195,6764.15914144223,5061.376340030157,3754.486393325708,352.4625465635323,2659.8802074942378,607.2800698224945,3048.0467030725117,8277.473225120175,2057.5211015040677,188.58594468981028,1874.0554971480742,679.6343534439802,493.1166518042976,2569.3062387090176,3496.5223407549006,159.62269999086857,710.1909479945898,2992.7653824326894,7989.734366565943,5704.8616126179695,4233.790953993797,430.2565773166483,2875.145631797789,943.7565447886784
39,2673.1861916011067,6835.6736697092865,1392.8508869254226,175.4328447011384,1678.4141607074575,436.9237748348351,416.9895091287093,2072.1787015333434,2474.551606536995,123.75528228706257,540.941635656533,2150.772852890735,6485.94607097918,4881.49349525695,3610.4819471226497,345.31289577847633,2559.1076689153665,594.2864274273015,3014.828920971228,8064.170975561906,1985.3063515836996,186.00287417322397,1839.7499831700698,651.4254923313856,488.51710268363297,2527.136033711955,3348.2984710139376,162.12366354465485,700.5389792174101,2879.900878445556,7702.661451548338,5556.641524533431,4134.0427523851395,423.9093622006243,2735.1544540322607,933.1810209353764
40,2639.1256671564183,6665.106419926226,1357.67208057353,172.97632346099073,1644.28775695305,430.3840351718845,412.9304711992521,2031.6846934365617,2400.6186712864674,122.9455734371123,535.8618326611547,2116.3108698593396,6224.998961496675,4718.050703101425,3673.4820220294323,339.7574489369763,2462.60499780871,630.7885839341867,2976.698463294281,7887.031064565945,1941.9937877669931,183.86497206240892,1816.6872367048636,624.7411202043295,485.1465207388495,2496.405635295436,3284.0829009217364,160.05404525622725,699.3930508345366,2806.0520048104227,7364.823727577925,5410.918340067069,4019.923206448555,412.93898114932233,2605.4847180542138,909.4413239558537
41,2604.185284707902,6487.05260051911,1314.473618224534,171.0673459036784,1607.6860017241402,419.9777292735649,408.8805203178143,1999.342325435274,2328.904771354343,119.89670715701173,530.1884632860125,2030.6180551985447,5957.828437701461,4593.304163140217,3835.5295476087117,335.4016290505953,2355.971111443975,601.8458173833712,2937.49774439968,7693.61326872902,1892.2025503233076,181.02790857106447,1781.953248807229,609.5480401962996,479.36426989788754,2441.795003561303,3145.422405461703,161.82918503011268,691.8816823810339,2766.9779323550565,7038.894551187754,5230.381450156371,4149.922883152962,403.21513583136255,2507.931771287996,901.7183598734084
42,2563.8905476047726,6296.896529359235,1293.4897537039988,168.7448270131241,1562.6982583031058,407.6939956166527,402.7710579644981,1955.5925899498504,2222.688602972392,119.09880874526094,521.7785280337795,1968.261476483625,5705.894721859473,4404.989098883376,3894.4734687845817,330.28558216675214,2234.612841964195,602.8163893781528,2898.7071380843477,7517.762896764744,1793.9337188616396,179.40770158916712,1754.0617781961337,595.854131385684,473.86137729937775,2405.40830877237,3013.230081796879,159.42305526758236,684.0586307793856,2660.0133985939124,6803.603678435087,5018.147119502227,4436.348519921303,393.8080689878901,2408.5326685703585,862.5671967722121
43,2532.790804837404,6127.332061609422,1264.420191593965,166.97730242393234,1529.068459955806,395.49588850411504,398.7089547977734,1915.9628770142006,2137.9494896560004,118.79771469550377,519.1993113692919,1933.8373079564988,5471.929999356158,4319.969403709765,4146.200645797632,335.2635463837647,2192.7479047052243,611.1268230895803,2863.130813281214,7326.274190652836,1745.6426031803092,179.19040086120367,1715.7681511724368,580.9431685954332,468.97834576720936,2380.1269268076867,2996.332503736252,163.9613405975203,672.5699306875467,2650.002484685431,6587.404374033213,4841.710734466712,4669.606622338295,385.12941764013374,2333.6116875406888,836.932760880107
44,2498.228707781703,5960.821805109467,1211.1859130559546,165.12041081352666,1484.1394781422887,402.24103330482137,392.15025577152113,1880.4314905358196,2059.565875513265,117.89175322533332,507.9279831692984,1852.7159250444986,5294.983020407825,4178.635016233971,4021.810953317718,329.2715758284159,2111.7254885405655,569.5518299680767,2830.2215267474207,7132.285897634644,1666.0702408169707,176.84542905539274,1688.19683263544,558.1813440769911,464.2028513970138,2331.6361245643348,2939.5531404318754,163.74063647910953,660.4212096780539,2624.923776374509,6332.97540679574,4694.765271405379,4511.2661591768265,378.77772715406024,2222.6325582163317,789.5718399740401
45,2462.384708657814,5783.655839854909,1166.728030916055,163.05322334170341,1437.7117423584516,373.9897411628203,386.60705466094134,1835.4570614811257,1938.8575635319403,116.51999817805535,495.8670359678297,1754.6690961965555,5078.959272226742,4071.795600466995,3849.9853120324287,322.9037291227191,2011.1290709442017,556.7200869415746,2794.326533057268,6949.057724766153,1597.6478304083148,174.97025503963232,1658.4931555176154,541.6806521862745,460.06373172721874,2285.0835030507296,2825.226811558241,162.1069305203855,649.8852380663157,2461.4520381751163,6104.373201102018,4527.577990154426,4284.64360845089,371.7420153291663,2167.8468327519086,760.0849160807472
46,2430.247058165478,5619.211713907281,1129.0907464291108,160.89191126552495,1405.335098852488,361.11505578864706,382.6407779732868,1804.7274936715876,1904.0997218328894,116.33073493719779,487.8882213876059,1804.3088171216123,4986.889625832128,4091.0850247997005,3729.995423754508,313.8518856962748,1963.197151754787,546.0796025073889,2758.438612355392,6756.229730881471,1550.289936424792,172.03752484172583,1637.1785845095292,521.7633549422026,454.561237839079,2254.2053389083594,2726.2233015599195,161.37028101459146,649.6473309248686,2406.1038843455417,6033.940983444452,4550.4806310931845,4080.2595514059067,362.54849511103237,2120.117359851904,737.6242139396213
47,2394.7266965113563,5448.418794764601,1103.8460658510523,159.15057115934113,1368.593782794069,355.33755511587316,378.39858335595034,1761.750503947168,1863.5239813871456,114.7227615837685,480.013378635496,1737.528622411011,4914.328233329777,4068.5443951527054,3582.4308388490567,305.92826467122546,1930.0321614019251,565.8497260830619,2723.68644558119,6584.164885247778,1508.225585640967,168.9188636764884,1598.0738576585427,500.81697241961956,448.9245391290121,2213.167372731492,2622.1701608898584,160.95639837160707,636.2639220803976,2352.4459604385,5897.129022210836,4498.54397902886,3940.4405497312546,350.30943694429004,2064.3669162344013,667.8561768588565
48,2353.893581744643,5295.927263844081,1094.396593391173,157.82097329063848,1334.2761879190803,365.0877970457077,374.4485387637287,1719.646523216288,1792.4951555188857,112.74955797889693,474.77795698877094,1669.6777478100223,4813.797823581873,4038.1880253683207,3475.26558763737,300.3319318394092,1889.5242506297604,558.6710807756943,2682.4480920559463,6429.518835569452,1450.7689939454199,167.30944018810987,1558.5271020466462,511.05052004754543,446.0027668188743,2169.119545666501,2643.3626942338888,155.01393643394113,624.1785368174314,2312.789842840284,5776.995897203684,4356.319514612356,3875.2061718702316,341.57187017516696,2029.2889277886425,518.8345865067981
49,2316.1842248007865,5140.012552850964,1064.2451679590977,154.64218226617032,1298.3311278718438,346.3875983953476,368.48539603528445,1681.7262302102574,1680.9112195049272,111.74954251420091,468.672862653475,1609.465156577347,4654.626242877097,3966.594835608633,3526.2867716916585,295.5388854895803,1821.3141689664187,529.7907330036163,2654.4982585862476,6239.182468372117,1394.0610076859593,166.39312209933996,1526.0148370563984,499.4167528897524,438.52120172090656,2138.6548110526055,2490.029080778593,149.6448984630406,617.1251366585493,2261.127420441558,5654.5276427567005,4305.475103477637,4033.559224009514,333.28874942378604,1895.8411094597052,476.5591942128681
50,2282.5284653980034,4996.673024769872,1055.1219450531585,153.08000702478668,1260.26120957529,340.95746466246516,364.52520852969246,1646.0688059987558,1666.474913916985,109.21852669001304,459.3188776148044,1603.8030119557725,4633.270827897712,3868.4364627946275,3585.437597365542,291.33621405925265,1769.7258277604933,495.9780394568588,2622.725468762736,6083.548772972463,1421.2633081749082,164.99690019339323,1486.5321796536446,495.8728928118944,434.33228776462204,2099.8833196219057,2525.142086178297,148.5304095633328,611.6374044269323,2246.9004950386784,5618.352232128382,4084.2545781731606,4110.030988574028,329.66027669326866,1858.5687375119398,461.07613639604483
51,2249.2380070696586,4849.444071505896,1012.6589496899735,150.4918174337257,1226.62215542861,321.5059894323349,360.46694342344796,1608.3017806147195,1602.8537149087947,108.32635685682975,451.8786834198373,1581.6122153818155,4503.305518808832,3858.7357778064907,3787.5333505150948,285.3371856420555,1720.8042803151097,465.9818281014761,2593.4908227925694,5926.932792290188,1347.9012768541775,160.7018298432231,1453.4113165140152,492.1974153071642,429.8970484793914,2070.6003501769155,2482.9957398476545,146.47287649288774,608.4328812509775,2196.3534406286976,5445.342987298965,3990.371507704258,4187.418884277344,323.8350249649724,1846.9383185965316,433.24974973996484
52,2215.020991939067,4712.5568204864185,972.0406932655609,148.9239453971386,1194.356503758241,311.0210492936048,356.2719961265251,1570.4933124408692,1538.1036172402628,107.28022975423796,439.4019826370614,1525.8579073178626,4369.524066543178,3835.923090973022,3747.9119619930334,279.22341787727044,1686.3982606238446,446.53709490743034,2550.3808337008154,5756.0495271078125,1285.3082236622772,158.73225858062506,1427.5089882016182,475.7254048138857,424.5975106567872,2026.1806358899921,2345.211041547591,145.55415021255612,598.6638235598803,2150.1559272271893,5316.768479824066,3965.1730080246925,4351.28471660614,311.52209448532665,1800.4948192499578,476.77432115872705
53,2183.0359257338037,4577.907378022982,993.9841773854962,146.00052992051297,1160.9350820786574,322.6187426068566,352.7662549547605,1541.6220036346015,1520.5782318496342,105.81393692320721,430.87144408532635,1516.9671580128145,4258.566008446033,3940.107752924954,3776.061238553036,274.1030382667753,1661.077140041098,486.6927209732337,2515.4102199980566,5626.9559272787355,1240.7000928496323,155.48620795458555,1400.691986501217,454.3928441554308,417.34642363617024,1979.3236661162227,2342.255968203768,144.5370556525886,586.3039684444666,2099.071876273801,5156.6266459822655,4030.6697365641594,4281.175775527954,306.79161932782733,1798.688713826984,522.6414838631948
54,2150.2011433803987,4448.463897872716,1014.814255174543,143.06470717354253,1129.4402907876806,323.9920932704752,347.4164876030681,1511.7243316533097,1495.9522223564709,103.2073500930247,419.2064557301232,1481.3551399766948,4121.6822552113435,4042.776235922155,3617.7534065287223,267.3144885184413,1625.2674348590008,508.8755014774604,2478.5288323635436,5473.4226146153,1283.2371516004205,153.37292670458555,1372.5232032835484,448.8100156337023,410.485136778446,1952.027895649895,2305.9634553994983,144.35897490009665,570.8234804421663,2047.2320299906037,4963.503532111645,4206.061891019344,4057.523712158203,299.5291144968709,1728.4881756884356,488.77550514539087
55,2118.0602953389903,4312.453103742478,999.3888376031861,140.46866428039291,1097.1360370469365,317.6120434999466,341.5638121192182,1474.8532298946134,1481.6951816526328,101.82388875853609,409.4356003466837,1439.4370091887586,3973.1588715289186,4032.3233114538543,3479.7744542942805,261.44080569439313,1624.8793779112734,501.9764301669546,2444.2917366201254,5330.4340437314295,1213.3550891652703,151.1331538632512,1355.6037410199642,455.54051573574543,400.47193892428476,1912.0588784124702,2216.401422312483,141.81550839170814,558.9400748163462,1997.7055380952856,4740.196190953255,4139.598238885403,3892.2478828430176,291.4531594039639,1731.0048889401057,464.2979260285696
56,2083.758326968002,4199.900057629767,1027.8201936178136,137.76681984825566,1069.7612254192884,321.92709171772003,334.37510690426984,1441.2344136814388,1484.5258388150821,99.63067953847349,402.19701790899506,1409.7078205966136,3871.503002500133,4130.825893830508,3766.38668251444,255.7251640982926,1574.930250345904,502.03693039861076,2407.5821263407865,5173.679127890506,1176.791872896254,148.68931294232607,1333.0460088849068,461.7709371596575,394.6917199579795,1881.1101920809597,2196.0935440864414,139.00374866649508,551.1988588124514,1988.8846254559853,4563.600065886974,4154.162138164043,4258.784599304199,285.7486106874188,1765.5981022102137,529.4254022439321
57,2050.5407196715864,4070.951773174107,1020.6795116646724,135.60908273404294,1039.5302220156248,337.59883038564163,329.4317983611946,1403.5562996158208,1471.8925270123916,99.17020699805157,394.9366370990376,1369.1336994243843,3755.989612826033,4100.102957286957,4012.223024892536,250.55854498168284,1576.3703413619796,511.0472069763002,2370.8091007051567,5030.094127971568,1194.609140612185,146.96198696643114,1314.1458097696304,440.73284347355366,389.4330282686074,1854.4241237547249,2151.3338522519916,132.63400810584426,534.1019170433283,1949.841148238629,4437.912254869938,4130.151460707188,4494.901436805725,281.12831850068176,1762.828113117069,565.4212736288707
58,2014.1665518430707,3947.5874157351527,1037.0685223051223,132.09199102629316,1009.7221304076639,340.8039947748184,325.53098781876287,1371.4095760202881,1433.0664366953301,97.54735908335583,385.4201028356002,1347.8156601006785,3636.416347576954,3933.174645447709,4074.306186810136,245.08813536079094,1564.833717092618,501.29119014389073,2330.385067753875,4880.030720058718,1184.1860635653138,145.22841525822878,1286.668285548687,466.1767819672823,381.6943463617732,1795.7127220388502,2135.1377332216753,131.9179810732603,524.7627799659967,1890.6906143017113,4329.397091329098,4007.7584721446037,4525.975791931152,271.60284264103973,1775.529800343762,579.6256484190624
59,1976.6790430798865,3829.3820323205805,1070.3142675088338,129.77210268920118,986.1495790813457,367.68426738002086,320.84971863500795,1341.5764579595152,1449.8625362757482,96.23485255393793,376.5149992442448,1362.3703046880437,3500.953127002316,3891.4573136192153,3913.4365431652827,240.69970445924184,1591.1802311875776,489.1324749998199,2291.2769660307804,4761.169016022124,1199.3419386024277,141.1294969394803,1260.9890924692154,477.44611842930317,377.4971193854183,1758.8833114858717,2150.7938542968286,131.05218739807606,524.2786773592234,1836.4192008736231,4161.96197873354,3935.050030887127,4308.869973182678,266.8261090935906,1814.8047522189718,638.1468309958775
60,1943.2471261277533,3715.6307386255476,1117.5760822078626,126.4363067177209,964.7309051000259,385.57273508201945,316.47323841055027,1308.9841808697604,1457.7736989772682,95.65567061728375,366.37173200285355,1340.8323457120496,3353.238384374305,4017.8810535582406,4031.851797584783,235.51729284274307,1559.1164628271072,507.700425407484,2256.2221287741104,4628.080304030218,1223.8764808053772,137.7487008050084,1225.4633094668388,480.46733029186726,373.34810857942307,1712.3705949988216,2135.1010360723985,129.61084317415953,518.5711295157671,1776.759311682234,3993.255769431591,3902.1571788191795,4340.978404045105,258.9558993996819,1806.8405083201826,686.3788418372473
61,1909.8454671272384,3600.8776965273005,1139.392394098291,124.35651129213247,939.7124152190306,385.6096343127164,312.2973659305615,1273.929599178842,1464.0570750117301,94.7731610497629,358.50870732375625,1289.9354570694493,3264.771834154162,4034.2252586126097,4223.874774546785,230.53156007060952,1582.7324138446459,487.95667520374445,2220.3008172913233,4494.572778779902,1232.9666337842743,135.3005106523633,1203.9184309840202,463.83523531258106,366.26221229603493,1686.2573334630579,2072.440928552416,126.87566518038511,505.2636820822954,1690.540594583998,3868.3090153336525,3941.761128246784,4655.375998497009,252.79507359580603,1795.7861075781286,740.8836588462194
62,1880.318071782495,3495.9443822255494,1203.5058613447143,120.85177005285567,917.1959519934925,394.61887897144663,307.92139287389836,1241.390854445653,1465.237927446582,93.60509409027344,351.8742026153795,1299.7720171977626,3183.2970797014564,4153.311828918868,5025.919543313709,225.78047977435318,1622.5873500951784,575.3426989274623,2182.516016085614,4374.425422940292,1317.8775260473292,131.39687050133944,1179.52328312397,480.81956918537617,362.1214197324773,1652.9582879003137,2092.2428988405736,126.29986710101366,489.77109368145466,1701.6338432716825,3770.1512203216553,3902.743963778019,5382.778030395508,246.23023444132414,1845.619239739163,854.5953584512075
63,1847.3309721639625,3390.2744782168156,1268.3121946503334,118.11760054799643,891.0701610398563,409.1863991130482,304.70906200153604,1208.1963038989202,1484.805379625342,92.02740866911005,344.4079641004359,1289.9921012508598,3084.5202264868453,4362.164409802153,5616.332067970525,221.80562549470503,1653.0729004265254,667.539853579451,2145.7107760974577,4253.214661907294,1375.408037092785,130.34209159761667,1159.790013730526,488.53700764477253,355.67903832813704,1615.1171811874956,2091.368399161962,124.40176781266928,480.08176381886005,1641.9303514646986,3658.6441841721535,4038.479124009609,5985.740704536438,239.1758938105544,1901.6747135913206,942.2777749379476
64,1812.297061447402,3281.612914703862,1308.3384695626182,114.6222084205259,866.7957284674048,408.9579851844094,299.091811593349,1183.7107953811346,1495.0488673095838,90.90450864640826,333.9060888678694,1265.3342673688676,2942.613915245782,4305.787409340229,5688.571733608842,220.05600480477918,1695.428456586737,711.3066248185706,2113.6268977392524,4129.036093275883,1367.683875648398,127.5292521044612,1131.7643867135048,482.4894885569811,352.3524368228575,1575.352242982015,2049.0271725245984,121.0552047342062,473.93740202486515,1567.5826705383756,3517.56084305048,4106.348261455694,5813.695093154907,233.78484937266913,1901.3988215005234,1028.5849102814993
65,1778.421151629064,3172.882649796328,1433.4224475386081,111.50022766671397,846.3424571217461,418.39689152890986,294.8236472035653,1152.6612966361483,1547.6003078808774,89.46025308306244,324.95623715989075,1288.4086637659957,2933.5421705653775,4387.48826962382,6339.530974955721,217.95689641223714,1737.7524551275578,813.1378491554425,2076.4612158928126,4015.048358309903,1470.0615003587989,123.75766801089048,1115.0077458620071,518.1972682029009,343.8476804467102,1534.4532067533582,2133.7000925604175,119.91853781044483,464.0000317841768,1600.5936795659363,3381.6306943297386,4034.5292593042054,5811.61296081543,227.04172230975237,2037.712955596629,1167.6075668414433
66,1742.4280419753998,3065.2423153207124,1540.4082452328432,109.9450681466948,819.448538065634,450.4193955118006,288.4462904646972,1128.0004696063133,1579.8328873505582,88.64202649095519,314.74566879071693,1303.2215065468895,2809.0078269380115,4329.162968294526,6911.787623192777,213.9946686504917,1809.072238938693,892.6730082375663,2040.574605608365,3884.7529822177075,1572.3813526116,120.34774332493544,1080.9096419811249,535.5537181645632,339.78032122523194,1504.6792590226978,2168.2648441854785,119.10202088952065,457.45482917129993,1574.3769382822015,3239.132409065962,3799.9015958507853,6167.8932275772095,222.10931623197007,2109.9131041691535,1236.565447596709
67,1709.5491948059882,2956.6669975572427,1583.194059172776,107.97065799751066,793.3057825626297,460.5977277322249,283.70054435066,1099.0492700151533,1550.099234896124,87.98200135491788,303.6010946036983,1298.4096124190726,2712.4759823058193,4230.917980687524,7369.73734010756,207.36533758193255,1841.4959637922473,935.4218061397602,2005.6167396211258,3746.6616988292717,1651.6399602375616,118.50348629802465,1046.6269213855267,519.0176023989916,334.4925407814046,1479.7759779002517,2147.201839959986,117.94614818692207,448.33758802711964,1521.0338765966394,3079.942971199751,3679.490547676881,6134.40878200531,215.5000509641211,2128.1555862949126,1285.8410385807356
68,1677.527203320562,2846.491565721862,1736.3508415347314,105.71996965056115,773.5210137536579,484.8960649425333,277.08203838146795,1067.8909156731695,1592.689955036697,86.42259212126109,299.7772802874689,1302.0642452382358,2671.1740356983164,4239.11266133494,7819.457909718156,203.4932745195248,1940.7794606307282,1056.152489661551,1975.496255877123,3614.9824064037584,1777.269633341053,115.55620693415403,1030.320196762681,546.1151412278414,329.23613083457553,1438.6080938931555,2122.405801431703,118.14009182155132,436.55052034556866,1577.475025712202,2894.2856763899326,3875.7774535218873,5862.463334083557,210.75251469231057,2248.86865992604,1343.7918282707533
69,1640.298947289707,2742.596497325415,1865.0684612269267,104.43959551372312,747.6213151927699,507.30154315991837,273.36952431016596,1041.164952210687,1624.947951902894,84.60556758008897,294.0749194732009,1310.412325686442,2644.9181036557716,4105.546066271875,8190.671768495982,199.81895608671687,1956.7706663913452,1070.8546162512396,1946.6878061319449,3515.4711899669355,1865.7305858614234,113.43286895006895,999.1157831698656,573.3978765755892,324.49476096129024,1398.9463656451553,2124.64900832014,116.41423535346985,429.64661960303783,1599.1833207892876,2786.9895817935467,3861.862650911013,5936.257856369019,203.64755477598715,2288.013842719379,1341.5565355181693
70,1605.0466489765988,2645.9670037068613,1941.1063938124098,101.67803725735708,715.4114865233952,505.7443726604635,267.4504139361488,1003.417782976151,1643.2717420015758,82.98889652724293,289.4365096635682,1285.6977040414104,2580.927609274474,4017.205539170878,8178.269866210493,197.42272723141042,1985.0097610487612,1097.5193176841321,1917.28458978733,3388.473668812353,1934.0740802469043,111.3664712831378,968.0665697604418,592.9896156936884,318.194074175339,1368.6356103923172,2118.647650705146,114.83160926401615,424.12397165596485,1605.5668021130064,2724.236207559705,3859.148656050364,6632.869382540385,200.9543868809085,2328.0621565735173,1355.5927216172217
71,1568.3484932011584,2560.024314809609,2059.092713335092,99.64706141163002,689.3665382272818,547.2096854014831,262.20531341085626,982.1885632391117,1679.576179296449,81.24003635228358,283.3310855411913,1296.74399888231,2532.329745448589,4133.2995937542255,8717.972605579278,195.6263309081847,2064.4107387277345,1136.6625700279749,1879.503930521514,3278.1199877943973,2070.466166384329,108.40348836034536,947.4659349173307,598.271945014596,311.84631060717606,1329.4263906087726,2206.0176285220855,112.39074932038784,415.2864232212305,1640.8996418006718,2676.5905306488276,3940.096176187197,7478.420877138774,201.72218830136117,2410.1763464168544,1422.4176387548446
72,1535.2196001850828,2478.2802702022736,2163.160272532186,96.70873429423028,655.412400257181,567.2085505290465,257.45644945642056,953.625031981222,1716.6581733454098,79.8066391079602,274.8896313365453,1296.0971453269776,2478.096624470711,4080.728459559042,10080.051237110387,186.12654012590647,2091.4533691152787,1134.2851256378801,1835.7975410394251,3185.3439111075186,2254.5331228845416,106.6057044789195,924.8645850419998,648.2262287884951,306.4655513679793,1294.0131401922554,2211.745358796286,110.07781465351582,403.23309387266636,1617.6084553606806,2681.2060749083757,3946.578925947348,8632.378644625345,201.87831532207784,2459.1968226309455,1445.2858547925948
73,1495.2109345352414,2400.103564331609,2216.4195984410776,93.99279574778947,629.5435102751309,569.6435755599629,253.0416849311082,925.2481696232588,1709.6609513625697,77.73092842660844,266.2719536592354,1248.5469997225837,2424.040538846889,4102.637306052965,10850.125387947215,185.38192254995758,2106.4445994749826,1130.350108196622,1795.136459695536,3078.807731820426,2336.7787781827747,103.12644862383604,904.4707981646061,660.4456471949816,301.11829279271865,1256.9424178544432,2208.13952018631,109.15512737631798,395.3475300222635,1565.6259227501848,2567.4546140879393,4073.3564778367677,9272.547915140787,200.9170122369891,2483.2382185261285,1414.8787750879924
74,1461.522705324734,2335.1527835145553,2356.897765471796,92.00509871542454,606.9422304637053,596.5525620633906,249.0713786673796,898.4295690621276,1718.8753354993473,75.16514097306539,258.42270703449117,1258.4855536721423,2363.261776593041,4176.433493619954,13560.426833185733,183.8936663501642,2209.2212767138376,1145.3307598367915,1758.2849097125113,2988.2573797089667,2463.710183756858,101.17786306887865,878.85565122962,716.2215146571398,295.982656671684,1215.3154662046582,2255.4738490165523,107.47626733779907,392.63697078824043,1541.8359987246492,2573.5682107396424,4140.140760759512,11282.62235546112,203.86113511768636,2557.747868299567,1457.2299863179524
75,1429.2357577323185,2266.139746972689,2426.8404753183645,89.92000574821776,581.8455918275497,578.7440569725903,243.23582709047625,873.4687000532832,1715.1688139674982,73.42467081834647,249.73885492003046,1227.2353201899111,2307.405175484837,4249.759460715069,14999.112942121696,180.72971436259422,2248.1746278518985,1166.5507212415919,1719.7543296140811,2905.997621586702,2580.9458716981703,97.45928630977869,858.9869828522205,718.4720210582018,290.95234206227565,1184.590689400211,2182.26120940658,106.60884636640549,389.85911533236504,1563.9555137462912,2525.5646054930985,4042.892059425513,11547.21708726883,196.02981967476663,2609.1679101984532,1398.1843329449496
76,1389.6881264664405,2198.3474346405137,2446.978607458857,87.36556920002808,558.4318402958187,560.0381434939125,239.42600039920816,848.326734317241,1659.1964305387949,70.80904850922525,239.33040300524317,1215.2575488399827,2244.9533634776267,4124.727813690337,15621.24533777932,178.55870281715286,2209.70894135002,1134.632181876459,1680.4988436212025,2831.383800713501,2632.7764641665512,93.38522214442492,831.3738133013248,722.213013485074,286.16352696625495,1151.6061639804393,2134.64666949523,105.24999329447746,380.08527916669846,1603.4543696574865,2449.793220397085,3895.353514055411,12732.52252817154,192.19094016400632,2612.0215014538003,1388.5285785277686
77,1356.8056120670715,2144.4394729644473,2541.014774007586,84.14220623401079,531.7620556740599,552.5543385093862,234.2598978272873,828.4758035072663,1623.513245731747,69.31402995928444,237.1767169261312,1196.650325683256,2189.4623489320124,4404.787078121089,18505.59017733778,179.3190370487896,2313.3759192334633,1138.5066089999625,1645.9982699250063,2751.9162548726113,2753.190880941659,89.08102060109377,815.6940919309855,718.0411449074745,280.2852646043708,1124.7851206827909,2166.9433243156723,103.21191072463989,363.7634541988373,1630.879417570432,2393.7891243360937,4166.63507348299,14681.79006242752,188.26916026321706,2582.272188522501,1378.4938110192618
78,1318.7741123231585,2098.9332684301253,2582.5837664938335,81.79459667070346,507.9695349775932,523.1854786114259,228.6923138801778,809.5968971001265,1598.1738477161177,68.38242141242054,229.25347015315836,1153.973108724437,2127.896289239673,4632.077250048664,20408.98782476196,176.88551033211476,2323.18598957247,1128.8244137627737,1600.8134609219812,2695.472033660393,2923.6555075122014,85.38940820842981,798.6448475271463,697.8788134455681,274.3247125278722,1102.8612904231995,2151.002599446103,100.01999998092651,352.38149133324623,1653.7670861800511,2335.780301298946,4243.891867220402,16120.77924823761,184.76765667644796,2607.4251594325733,1359.7573502143225
79,1279.3808135581348,2039.724763520984,2584.0726545570474,79.56461790881373,490.79323237118393,481.58620848438954,224.17867938575665,780.052813130967,1546.4723494027342,67.46868086352266,221.67617239383137,1103.5780663393214,2052.238963953819,4486.004594919953,19584.35403006411,175.49932178168584,2322.5710296929346,1105.8604083502962,1558.9239950420838,2626.054899885785,2988.2218022468787,83.6019971743226,780.9511333703995,658.6248986124992,266.95272290516004,1083.972392199561,2116.0739660145096,97.78557984530926,344.99270448088646,1629.6263189435003,2246.5863159783185,4178.00882512331,16067.2183842659,182.81838085500058,2651.5927786609363,1263.8410222212474
80,1253.17275602633,2019.657443193117,2674.57520931905,77.28041306815363,474.30516478757966,470.62101541865957,220.85285945721895,761.8038438212577,1530.8308366233396,65.62077861160718,214.98073049756613,1063.1360760360506,2014.2690060819484,4804.361740545228,21744.33127366097,174.69400353449763,2382.803546075614,1102.487853597253,1517.122621638316,2568.3143928791396,3105.650205544938,81.79209242016077,756.2805326879025,630.828436255455,262.2313804706743,1060.435137329623,2134.2317271512,96.4216820448637,334.8761251270771,1637.4191007137297,2214.649811487645,4642.3319212595625,19635.171492815018,187.53970900920686,2708.2531798435807,1158.954868475596
81,1221.2711796397723,1993.539018394275,2677.976674966198,74.60613200745799,458.64691704579377,451.0550482056358,214.96959455254648,749.4919395940659,1499.2166648825269,63.8414271983572,203.97986580756577,1002.5936445478688,1998.421003409753,5191.841647667753,24465.635945854763,172.9148764920957,2455.0175366927565,1111.6931693316537,1476.2072252273442,2479.29360121442,3088.811942986955,79.8651412203908,735.4725303947926,608.6000466346741,256.0818150210689,1026.435352800414,2139.0843884628266,94.70713541656733,326.4950419962406,1598.2390629172323,2223.824475031346,4805.5421043634415,21420.677502393723,193.43315012005624,2771.265607543998,1113.978789548079
82,1185.4932199122538,1982.4898048067146,2637.3830107809918,72.12648790397428,439.5980685901913,426.36111613837153,208.36506601224755,731.6097903704892,1455.1240472985294,61.93398382396183,197.50036637539213,951.9998655727868,2002.4517522250005,5280.216956629333,23858.76503763777,174.0884887019793,2490.6347757211524,1114.1424941995958,1437.5249999627354,2398.5234351675026,3011.639242869923,77.86512816697359,705.9107563197613,572.33929002285,250.38602096024263,992.9447504598647,2059.049973813817,91.4803188573569,315.55720642209053,1542.366193783283,2269.016089539975,4916.662247478962,22682.40849363804,193.71829777208623,2738.140812872065,1082.3615400592485
83,1163.4608379996268,2001.9655761718939,2593.1400799641106,69.43725928799672,423.83461522581905,431.09105093912643,205.07908947691732,726.2682920605735,1408.934550770511,59.887197672812775,193.02288215458395,937.8921834971418,2206.768140597671,5222.516288829008,28971.70562135399,176.32742419423477,2626.33125433726,1079.9391738697564,1406.8791717603685,2344.0528595480137,3004.2038158996,75.50650984793901,681.0196524858475,570.7397066354752,241.19400150510774,977.6663789022713,1990.055993316695,89.72798441164196,311.3409135043621,1506.748742622137,2309.3232945613563,5108.146002113819,25664.54481470585,192.73271977154073,2897.2592090112103,1004.2387378613155
84,1136.2702228626601,1994.709344197648,2505.0558256237796,66.24618693237954,405.6862625323913,403.46148921142924,200.55820188718607,714.6713622439879,1355.4426887725597,57.79903118126094,185.3550637600097,876.3026744091602,2240.4148819431957,5150.572191656878,31510.346487546896,176.0918414524107,2699.4993787894764,1038.8503068938398,1365.3932435750844,2287.9357432830147,2908.673170263786,72.93051510304213,663.9745570123196,540.4719241261482,236.09485892388332,956.0673918245981,1931.7551790680736,88.66250450722873,303.51924884319305,1418.415619921684,2367.9090708978474,5462.418115198612,27651.607551385376,188.34084825960454,2991.7660274597138,1026.9265192747116
85,1111.7533754867156,2020.927856089284,2326.6870410660904,62.45333240113475,389.7175252155373,361.8087095564062,196.84143770194711,698.5232410062331,1283.3744637988088,58.04673806594854,178.52938848923554,809.8573252288231,2354.118688048181,5133.820989940542,31507.57690754804,173.68469170946062,2720.92282884086,992.8677774472671,1332.6506168901801,2209.6610778925633,2616.0264365387147,71.15769601613283,646.9697854369879,490.27769404649734,233.8484450274021,923.313106732443,1820.1424044774224,84.37676062993705,285.9201636314392,1305.6497337440649,2482.012404907495,5764.724347333114,28133.45266847751,187.80942525712308,3066.7237008603547,931.5793614089489
86,1101.580752968687,2102.204336107474,2425.2596305517663,58.435145051641896,377.5863841814977,342.0251220789823,194.6294241247514,710.0550378138256,1292.12800890246,56.470342527228325,175.42884249633008,779.7580240206736,2492.2712005244807,5552.6429483280945,33283.52957215191,174.6681248747941,2865.815343143683,1001.3599936210746,1301.0797744154813,2200.9769501538635,2619.359688010036,68.22454255074263,626.3523391634226,483.4910224080086,230.39100689250336,917.2711412180215,1758.3802742169548,83.65832697413862,283.11808639764786,1256.6610715905824,2669.914873767644,6641.0680076777935,31146.92009096286,194.05240901060557,3262.0201480066244,992.7010913193226
87,1087.1282561637129,2167.6814844771507,2465.2639962791623,56.86146875809539,360.4559245694316,341.16278421878815,191.71302858358376,703.1321215559024,1270.7402624044712,55.64452623728324,171.5452046490077,736.738479551989,2639.7917677736486,6316.099295894757,34100.46182809191,177.1913218321222,3032.842564983408,987.6221585967323,1271.4240263815852,2139.7169165538317,2458.369262587248,66.41997449100018,599.6948783248663,442.9668793082237,224.1561780242434,892.1087506785989,1696.034236829107,84.5801250692457,278.9298271536827,1198.0945560753344,2841.0365976579487,7359.955257982016,32045.605968117714,192.26641606040454,3473.3696850003516,985.5289592643579
88,1067.4068202503481,2214.72825257622,2504.3380664886076,55.185522972182795,349.59278466371876,337.38324157758194,187.46769371179315,690.4070056809508,1264.1151122247632,53.85313334197483,168.6995849705104,703.2433600633884,2740.18682534079,6684.890437737107,32847.22315302643,178.44046128735397,3124.0408275407653,997.5260557087985,1238.857270185265,2086.99479604528,2345.1324236504424,63.99460627138615,571.6388014033437,437.1911552846432,218.83209185484156,870.8642448410392,1616.829434286182,83.34314650855958,269.44683104753494,1102.9740074992178,2957.761402297765,7652.05297973752,31476.9900714159,193.74358915038562,3712.5156226994313,991.32625340422
89,1078.1293059680809,2378.0808966456866,2657.832890838127,53.88153700801459,340.09222007226765,350.2497714432803,188.8363638224234,709.1374897520537,1300.1604835991607,53.02061700973321,164.59066820560082,670.330056514749,2947.693389827901,7469.51955294293,35492.46834156611,176.31415429837773,3299.912162065715,1004.9213180513093,1220.4092563319832,2088.4867798315054,2405.2875365609925,62.02619995176792,554.2600832507014,430.6213730275631,214.55522661092982,859.4865706682206,1633.6751224106797,81.68572351895273,264.4838224053383,1073.8697419583798,3108.0530966110528,8586.133118142685,34430.09117233753,193.7840605452424,4037.654538541209,1094.719501088063
90,1087.1418279486913,2523.4950116449454,2786.516098794612,51.97820292142305,328.08450564358276,355.7800781076605,191.42761746918006,717.3424139462525,1317.4191436717906,51.88711772063239,162.2730794572469,658.5326373387918,3037.855830545121,7814.7294985620365,36526.96623446606,179.0759744196227,3477.435556940085,997.6486803661693,1196.9784861800454,2070.4569462348913,2481.6754276052116,61.17849846184254,535.9293898269534,403.3874950706959,209.97783418429998,836.9994579598308,1590.6313207453736,79.87620799802244,260.19096994400024,1026.0310554802418,3246.779881237696,9353.636639426153,35599.29237949848,194.95514921841678,4427.17983037151,1087.8596227864425
91,1079.9519134222007,2635.3360257944596,2862.0925808283414,50.202127330682494,314.8329327745419,353.6190365878019,191.87797291136448,719.7950096118518,1292.3872188388398,50.87405960617418,163.25845856793,640.3865028755682,3082.41492625654,8045.197354925852,35399.91729245501,178.59856055396975,3586.5245430160935,987.2934175375735,1167.0367090187847,2062.5772846882437,2464.660116717716,58.19929081201553,522.1782190129161,417.2699933350086,205.04413752688077,817.2483432784677,1548.6550799316415,76.66478138230741,254.2410355359316,924.3228876466553,3358.6445801469185,9358.268097986778,36255.71865141392,191.01473954317626,4689.966929842927,1076.7440011898677
92,1109.9841302114355,2874.739863971812,3107.019031373602,48.547571235082366,304.9200361955798,371.9720909162001,195.20692062708534,746.6677760235176,1381.0286663793254,49.95439845814624,159.51337908307713,620.6917833153498,3295.8665995041374,8947.877541984526,37124.58455201811,180.85842125379676,3900.326410854071,1005.8750215667667,1140.6597601077092,2088.2750700731967,2489.3499598259727,54.60110729932785,510.268838070333,403.9865999519825,202.1160850865951,809.0492227718235,1635.4890824065853,74.82542908610776,249.37598840892315,873.2018121158084,3707.9256621303657,10090.445123066505,38813.73885691166,199.22626234216148,5176.975272086162,1072.2182820240657
93,1132.1713298761158,3065.7946920279633,3337.461027919598,47.36672136864879,301.32738551113647,378.7360250299627,197.97612800754905,778.3432714006102,1421.058456520691,50.11485259590501,155.8854264965563,599.9502042466944,3469.8638487208814,9613.150004973873,36745.9119050621,180.55636255704994,4165.252300040806,983.8850117329395,1119.0203651547847,2099.970694285621,2551.0256014421584,53.15565775334835,493.4186019822955,394.4726884663105,197.3650252713075,804.5977281972766,1640.3995863602806,74.13144851149991,250.25710281729698,879.8433438042799,3896.9839257501067,10501.154807080826,40093.83387339115,206.7613798342412,5574.448972233533,1040.924858848254
94,1151.7323128985117,3213.4842521925198,3437.973076309555,46.43575078655373,292.86538334213424,375.8487091281197,199.62824431183665,797.5804252612659,1453.33307054526,47.86460286057131,155.31923467878138,586.4629322731133,3566.2034225614984,10037.828152579565,34923.58078845079,180.46689606923044,4308.363494606403,990.2030921726516,1101.0574221540655,2082.2907036960023,2568.293894506991,51.922854885458946,477.0896191522479,381.06872406601906,194.68215666396526,801.4433810643852,1628.77816973192,71.78544350387529,242.15722951292992,875.0324175606171,3997.2239524327215,10364.543914069733,37122.99006617069,207.49239253622943,5868.152698946396,1024.7479760249457
95,1204.6637240850332,3491.7722999291323,3775.4321778066146,46.12475690381093,288.1496735203898,412.30359981276774,209.63941448202192,836.367764287782,1532.9304209011264,49.10882274620235,154.09686078140228,592.309052104661,3852.704000490301,10955.509671417465,36874.79245017974,186.53359530586184,4598.924263019273,1007.6329099503432,1094.165079821315,2123.725266956794,2726.033389007548,48.99927093088627,469.61458598822355,413.4144874513149,196.49251618294028,806.3855568550528,1691.5969350840896,70.61888664215803,243.37137097120285,929.157144057254,4430.143402169397,10910.88537127773,40541.06266605854,215.3458487353986,6356.694392859605,1029.8087952931724
96,1229.9691918383853,3672.7001097742236,3916.696716615089,44.94548335265029,279.8703478048697,414.92324718562037,214.22873008068316,859.1356203101063,1545.8308422947664,48.932701253924854,150.80883832284897,608.105801263,4084.5522329889764,10917.523683621259,36584.580329198805,187.00210326946143,4721.276178293517,958.042184953256,1080.5370169020362,2121.3662851102727,2767.1298559859392,47.45712269842625,452.2959633991122,432.13529643416405,189.32246767787245,789.7171559192241,1694.2805523183197,67.70745775848627,220.73733985424042,933.0935976381103,4354.126180976878,10841.440084884565,38855.02418959141,217.0438090674346,6681.712697629548,1100.9995612104735
97,1294.5269288663328,3973.4065939927077,4336.440234757949,44.14254819669507,279.0075167866819,425.5127433646809,221.6043538826079,916.9664682682279,1627.3260362024753,50.81412375464358,159.01350427157047,614.9960686640305,4613.891314455625,12098.356811728578,40393.39792430499,189.69398175622476,4959.232908976323,950.0140151840268,1081.3383829611457,2193.0308133510325,2865.9531475558874,46.13678728044033,441.3948868215084,425.62703600525856,184.99633223248628,804.8180879610279,1765.3968239929527,67.06022506207228,222.16214829683304,974.5329634025693,4692.2509376707185,11589.738835761946,41354.32341444492,226.21647403511065,7117.118658892852,1127.2562605341277
98,1340.9184963382045,4223.281912383562,4582.3687729956355,42.32972986454313,270.3516667880344,436.54614468054336,227.72094020318426,967.0811262545728,1684.8798496364836,52.02578837035055,162.7219534201604,614.0924411311294,4965.295135660273,12910.743087993562,41685.244245931135,191.94533118912668,5197.845712004892,941.5538865876922,1072.9328231084264,2251.9076770485763,2986.488473694026,45.17522291839123,425.9429112970829,419.21633030474186,186.2611404979786,798.0948391905674,1765.9072187393904,69.07399052381516,220.91522538661957,955.1241583898664,4788.146494418632,12146.825120399397,41675.49283063412,222.55580228688973,7587.718392548503,1119.6159252127013
99,1367.7478865734274,4361.031205412192,4696.044622665988,41.44695482877168,263.12171887019366,426.2779464504936,229.5777365594974,999.5861366481057,1713.979792425417,52.15694308636541,161.15433584122044,602.5693768410972,5135.394457775655,13396.011837848344,40730.58727079187,192.8150780854803,5331.32089643515,912.5660298311348,1072.2184426057256,2285.8869980316686,3033.977789585292,45.91475482285023,413.5612328648567,415.21697045862675,180.64344464300183,809.174634491528,1713.2399339725573,67.6721979379654,215.05639699101448,907.9688888068,4961.632286459457,12235.388646076124,40295.58597266674,225.312789601561,7814.219944628618,1135.8831733663878
100,1423.473563645526,4638.225611547368,5007.339311593754,40.63514580916274,254.85853391095543,452.52429236065257,239.58865997898377,1061.24707841056,1817.3796830631761,54.28024927950041,166.28341289645795,619.9392231337952,5593.794567136658,14989.840662076575,44499.661829801305,197.57328061298887,5678.552916094574,919.6073780110389,1076.2888989540852,2375.6171291064547,3295.4789315630987,44.364793196320534,405.07580691576004,459.9029298722744,182.83498506305722,826.759294991816,1771.775610471765,68.11772390455008,205.9197590649128,917.8724939102926,5153.63223410671,12912.825590346256,43557.82204926014,231.01799637166164,8325.33774037117,1117.7005140900612
101,1474.1257931177865,4835.153878087797,5205.10885632777,40.16286934912205,248.9291814540823,472.83541204712606,249.12135833934025,1106.951101116115,1876.29836917675,57.72137284092605,166.15537784420178,617.7905763600812,6027.786738132106,15454.692591110372,45179.37734779905,201.40123554468155,5943.992981815884,906.273192194014,1078.7209866753883,2427.4686355259346,3478.5574294795592,42.530644968152046,390.6832096874714,464.7041991651058,184.3499436980298,831.3605267456421,1821.3177132854858,66.29049371555448,201.54312506318092,898.4322330628833,5389.583949595939,13002.247261061271,42905.44059879705,231.73583278829852,8702.48567525784,1132.8266213059426
102,1503.5928300983278,4977.351831288756,5271.5057914593435,38.95230644805865,242.62259546486715,483.38417822664434,253.41224447656077,1128.3821089842268,1887.4822758330731,59.380553639239885,164.75908655573923,627.3571984179092,6303.571398121057,15832.910097331216,43797.989720652586,204.37538497050602,6123.456948949175,875.666443211382,1074.4155772091613,2488.474036049478,3534.463882910212,42.21802280843258,379.91572895646095,461.93383035063744,180.52339867560175,834.9594798977176,1834.4053919389844,66.71218619123101,200.66887480020523,934.0091015075644,5349.598529994736,12410.495250914495,41659.63555908576,231.2001597436766,8961.295732109149,1114.5686345219613
103,1563.3916045717249,5199.754715004187,5523.2844022186555,38.34812706573443,241.27461716555283,509.30573441765523,262.25847421040356,1185.2463068076434,1959.3534461515612,63.804437670687385,168.8959954987421,670.1759425932711,6883.292999109113,16860.304862930785,48131.35599087682,208.11384248227785,6513.210782232665,867.9398492365173,1104.8435994381707,2608.418900716188,3745.1799447844423,42.27175433933735,372.5309734046459,496.4539534151554,176.48082808462885,862.6040841932098,1898.8964467719197,65.50924586132169,203.24026880661648,954.8370318308473,5662.752832184484,12658.996486141285,44530.284314159304,236.20957440162698,9398.339740109841,1104.5872024416922
104,1608.6789350036452,5369.643902060419,5673.968908343636,37.06981198218736,232.75148799496165,517.8602863441814,266.7294821957769,1226.0715646616716,2010.9826829905955,63.89809987304563,175.40001944082252,653.1830486138662,7196.80995964438,17678.04133270243,49285.709077510954,212.04944890231798,6719.445641195649,826.0815392595349,1113.2431376347938,2683.488783079269,3850.123956094276,42.80875904858112,364.80216869711876,484.98753613233566,175.09568348957205,862.8759905690948,1959.7737401699028,66.0713538043201,200.83280042807263,971.5345869953433,5689.494231389214,12653.303010735908,43600.678177598864,236.02033166612188,9740.350833263728,1142.8715003450711
105,1633.3743555099704,5483.090378710581,5709.494262543575,36.541858514601536,226.02013653336147,522.2124691226265,270.14922292146935,1255.6678643473942,2017.1843872678292,63.49427096223967,176.62454217234344,663.1594461101474,7263.904367158118,17883.356344426986,47831.417272398045,210.30396776343835,6803.039725917305,837.8759282039874,1115.3854923218487,2755.3314135413693,3915.0861520296244,42.63823737204075,353.6848075091839,506.62013617157936,171.1750207288375,852.6930168340604,1971.992703917747,63.07628157362342,196.81241298715275,963.7555336251854,5579.08038224404,12599.270728343725,42158.61090445891,236.62519399846593,9800.400343252619,1109.086455923319
106,1673.7973958813816,5660.697093430318,5866.448408790276,35.27544611015103,224.48421286814138,551.5404339270158,277.2783027904213,1303.555235451266,2077.4369848075435,65.06949353844605,178.93676149226496,680.8560916011983,7618.635825795416,19170.39604315058,52064.67214170378,214.5847165100502,7058.766257434553,861.3612861098665,1130.5897620722653,2845.9108747483615,4119.6815349882745,40.914073422551155,346.9712727069855,507.5171393454075,171.93913701606894,859.9816645205021,2059.9103414149336,63.54533778503537,202.32816412548226,1041.6890084390839,5884.375690645227,13405.326078786453,44305.57161927596,241.7262367459635,10122.692575783927,1110.9147388756273
107,1706.9777253666769,5781.605445319028,5987.113726876132,34.31013103371317,223.0236125787099,545.5542402267456,284.10824720594724,1334.5906695799263,2103.454660394472,67.10908253169195,186.606387817092,707.9772384578532,7964.507204260549,19868.831216492665,53283.388643272076,216.1081639694445,7221.016698296772,854.4887109857617,1133.2736193526123,2913.1281736409983,4299.529439551225,40.25584299862385,340.99415297806263,514.7843713263671,174.07209586409834,860.9423137625058,2087.8065843315176,64.53391488268971,205.1818869362275,1054.1678396309414,5949.24077114587,13600.56160305937,45066.206575794764,245.02713916227222,10314.269437950254,1176.1855980319638
108,1727.7582671311027,5848.516938082172,5942.825638683976,34.30234334550121,220.99358589360207,539.3349864266136,288.5154135713458,1342.7022960722315,2115.941996820542,70.9089411911978,188.47437384160176,697.978636804494,8075.871315252359,19899.102793634884,50536.53986735063,217.841605934591,7205.536185161181,890.6783189383419,1135.6681557559305,2980.974217299809,4314.472623152127,40.18645532429218,330.9583220630884,535.7693063120048,174.1449226258507,857.8644073575736,2079.758445593839,62.92653835192323,204.29549386600655,1038.5839794720212,5684.584521712114,13223.07375233372,43187.36471693093,245.51085283383725,10376.153071245946,1150.2546836299555
109,1758.2831511286845,5973.895800880514,6022.630069355937,34.32530064880848,220.10170165336493,561.594002420252,297.6603065892989,1371.2762233181902,2232.4237679139683,72.46762737987393,188.4820556268096,733.2029273788135,8454.243235134702,21300.054741793556,55466.16789144106,220.16040976788057,7489.990405216271,892.2322345979286,1157.6970537192083,3097.299570057978,4532.304038462629,39.35527203977108,331.62462143599987,578.9041481117408,176.2681138111463,868.8607638448477,2215.1572655768446,62.918274614959955,205.89011570314568,1080.528053476413,5802.107408316185,13780.946347313624,44453.764163656786,244.90959118083117,10607.300261444498,1162.2514356536526
110,1770.7988503044332,6052.61089157006,6029.4244938936845,33.86202675510537,216.21554000088662,581.8427392135967,303.69037927801986,1384.392848918334,2266.018932753034,74.35894990864803,196.80237901278517,761.5830156431053,8643.100248461766,21942.436675064357,56738.30250660225,219.2311705002279,7637.100080530416,882.2533546368281,1165.5424441642026,3174.2423226398128,4740.764994728159,38.67840315401554,326.307707041502,593.8914719323318,179.7881275756469,878.4377052381635,2219.2559838028005,63.99918568506837,207.35988082985085,1109.7461571907002,5798.765345656623,14232.710303621987,44551.02796703826,251.83496765568853,10736.655209675082,1112.8964591188092
111,1776.5175452144126,6075.161424122238,5920.985301046156,33.02037046036937,208.71107695680675,573.6743749054996,305.31812378689324,1382.7871058207975,2263.7147353079736,74.94576174647294,197.25919926234266,765.0312903331989,8718.483354348471,21832.339847282794,54906.832660564054,218.78558732740805,7663.418222744877,838.6669042681202,1160.8743422648768,3214.9456328503193,4746.52694109588,37.15161867439747,320.0204480290413,603.7642611960571,180.80547828657535,881.5242754265666,2190.4216769070676,64.0801348425448,211.3223283390204,1089.4994746759535,5776.603745923688,14099.352287011841,42619.87176517645,253.09803464785216,10549.876300894204,1102.0726640386242
112,1789.740841024541,6144.419426334114,5987.915561758003,32.61978439986706,211.38662219849047,625.2204728776759,310.0407819185035,1406.442737672767,2303.1103530207583,75.13127770562741,199.84063314375553,805.1220697099511,9023.310358663746,22944.250255856234,59090.401999633505,221.6006408608321,7902.006229753958,838.2764914693254,1170.9866297862388,3362.965668056763,5015.026797198346,36.55306765437126,317.330763399601,633.7142977217834,182.00955585075525,922.4491692844779,2316.247759851937,63.80215725675225,218.37498114506403,1100.1043737396599,6039.748433930178,14642.750476675728,45167.095877448715,260.6292594797909,10821.19946301677,1097.350439758678
113,1801.463535463385,6175.923086708452,5900.187613916012,32.68755568834868,209.73296523895678,622.4971573352814,312.9435639470445,1424.765387275404,2346.57127656853,75.05504861016843,203.4167176816951,828.581189458298,9108.484019057663,23514.56675433431,60050.7825740983,222.36295270594684,7998.813436272578,842.8153512691522,1176.0985669738511,3444.233618140259,5165.6247882476355,36.86670696735382,315.64360412955284,626.2047057251136,182.06652763980023,930.9445213142783,2343.2468720308193,62.71907041594386,216.14859182635945,1146.4279818102718,5968.917888375619,14791.913906373084,44814.76290587584,261.50001860683165,10759.59214059597,1065.9107530557187
114,1806.7919711490865,6161.083645133749,5749.891025645007,31.944216615774415,208.59877175352338,623.7385228547183,315.0975474154036,1420.7922263455016,2309.738597300702,74.28356172635473,204.1091634114132,845.6624718192852,9124.240662992346,23404.94205064164,57713.13170912147,221.5174858754331,7999.079254979725,847.0294907306696,1179.6439640245299,3498.047893792429,5212.643773916454,36.15677601099014,312.63803067803383,637.9425765375297,182.9532490869104,928.2011645946652,2370.997678362454,63.33387027308345,216.41923568646112,1171.2841395899654,5824.254375069091,14751.826897956431,41941.13390568892,261.9241628003617,10521.921111564692,1013.8625420772107
115,1818.460690863373,6197.626761265987,5747.388016877024,31.772881715135142,208.77297268932062,651.4284561980854,320.4551320977816,1440.7777080104913,2372.393610768029,74.82979282008654,208.59206283340853,910.7432012767503,9385.6069400365,24150.267049359238,61295.70155935891,222.09454252923072,8245.046164364243,850.9819985010923,1192.373801228549,3611.553295058547,5393.255244101674,36.537017464637756,320.45800049602985,635.4954368571441,182.76201238232247,954.7989921335131,2474.6809013715633,61.720291916280985,210.44823066393536,1194.3768689299623,5879.762075579414,15339.190511224171,44791.349612116814,263.6037781638404,10686.256578122435,1035.5951427840264
116,1823.5674049860477,6217.521559927065,5647.619760346934,31.369406327605247,208.64394369710124,678.8976292393425,323.1570444568621,1448.6893004839485,2384.8369296010333,74.5152618473565,211.469111136189,932.6700916535926,9368.221865405056,23779.529774286933,61999.23895180179,221.2461366000049,8368.11427347611,860.7565592040231,1198.7447865196195,3653.0274368996807,5459.112092700194,36.205736219882965,318.9074471741915,641.8211158613365,187.53203953551642,951.3104136202485,2481.241846733416,61.98623238876462,221.53134183088937,1200.0421339536706,5847.928866976252,15437.19604113698,43659.351065039635,262.94487572734556,10701.908331879833,1027.9833750151665
117,1824.796584189224,6202.981257892371,5453.408185630173,31.096431136131287,208.1394313708174,664.7987787723541,325.08587708952655,1457.4748021560504,2351.314024449984,74.61476362242617,210.0949636316209,942.7309659206505,9200.497078071357,22916.442984108173,58772.989353327575,222.1317025284424,8330.274769309408,846.0758793914473,1190.9348423369852,3715.726484065293,5324.443299319933,35.18556620180607,310.08550871908665,623.9095813135307,188.39251877116553,947.6309879366308,2444.9340225985893,62.307745177298784,223.94549457232156,1213.1200071866315,5778.674009108296,14845.61960747838,40945.49010694027,258.4348277476927,10474.974850999504,1009.9155896726321
118,1837.7778666767356,6234.422277439719,5366.637222643535,31.11598414182663,206.51215078873614,690.488030390306,326.81513075714963,1477.7085057067168,2402.2434674481187,76.2859306059439,216.93036969552438,984.7862078666687,9251.93470541307,22937.82395091603,61124.24155521708,223.7234506929011,8468.691714223563,878.2313396653058,1210.637760859045,3807.0651148725683,5437.424756235471,34.03945705294609,312.03909696638584,615.6653239826362,191.0754653972625,975.9396884832531,2554.415801786507,62.00210988894105,228.35831355551878,1224.398355592787,5807.933555835238,15368.280203630527,42411.223094820976,262.0991113630434,10587.500086512358,967.628270906515
119,1840.9574553649597,6237.740028251747,5202.228884691926,30.83355129848827,204.8111764652034,669.5104794177142,328.38085841505506,1484.1704090117826,2427.548176779674,76.51798848621547,214.17722836818658,1031.4370172991898,9235.527327241189,22779.420843197044,60845.022641185096,224.711229416141,8575.676191785351,859.017086262827,1214.2244625725475,3866.6664867668487,5392.071461684099,34.9272021651268,309.4883848875761,624.1929336885612,193.10193304094068,973.7310977820307,2530.7893343598894,62.81141271069646,230.487455184261,1238.4190001582106,5764.996436395993,15268.599370171627,42387.14776456356,265.25764274572333,10483.030380220403,921.4118746343325
120,1834.359108453815,6200.993059899314,4942.50337564526,30.55965003642169,202.7743830381695,624.9228713295677,328.6755275646754,1476.1012056539776,2357.498431788213,76.1060637826608,215.0850010812734,1012.8263188636664,9032.196698254034,21601.14400702936,58060.45142011668,225.92067404285527,8469.555726600649,829.3066074368243,1214.472887976778,3892.13285429376,5155.55401596585,35.33248856663704,303.0677629560232,588.3995958666007,195.12139338586655,974.0299559030682,2392.33158141685,62.571491438895464,224.85944437483946,1239.6235268707078,5642.546488557011,14637.585246731838,40762.76399181648,265.85183344011506,10253.103684123547,911.5773283067416
121,1839.4577846370025,6209.196395406256,4816.748169792432,31.027545972303912,204.8777286490482,615.7938710342754,331.6223544821938,1493.9783506806468,2362.412210631515,75.23140296831049,216.1998801584045,1051.2448269269682,9166.360586008956,21378.262012557956,60231.508955461584,228.63747766401733,8668.66385118159,845.6520191149795,1227.6988994551202,3982.3035401373863,5146.412803184579,34.397797241806984,298.60561440885067,570.5657678047817,197.64890696440068,980.6625222507864,2421.061239633088,62.06043424829841,223.7667672584454,1293.0814881121119,5799.001609552652,14729.182775753014,42321.4286773154,272.1692888808747,10363.208051978738,877.6355677667332
122,1841.1983306088857,6183.270774260266,4661.579018448651,30.647182388739154,208.33434373941836,621.136563019319,335.13716326289676,1502.1049076515033,2358.4308115929903,74.26602280360053,214.63270458583577,1045.6163015000748,9170.354186691735,20866.443215970863,59916.693949118795,228.06656133645413,8697.874767593827,840.5324955030436,1235.812985900774,4066.3243509314716,5094.1974799251475,34.67178837954998,291.5129648298025,553.3906083802382,202.66975382302132,988.732944438234,2398.7581446698555,62.25706910714507,235.0790267417828,1279.8825262581308,5850.066430833191,14576.790946786874,43356.88745092838,271.46431172986826,10234.853587388188,833.0813906017016
123,1838.568586035197,6147.4934175928065,4490.275815075407,31.036933075297963,210.28020134015063,627.866142934019,335.0863940385854,1493.067323400338,2315.034720306752,74.11871880783953,209.87980255489094,1035.9432870644512,9002.109619905264,20120.603236336723,56349.03744438299,226.17201174447936,8610.31689622699,811.509859696353,1243.9730047372325,4110.409576863772,5026.586084019731,35.26781512796879,286.925465926528,552.3745761613052,204.99297061894265,996.761160440743,2347.52085590673,60.882979322224855,227.87646281520523,1300.3460234597324,5704.437947666893,14023.224667447084,41584.66067285463,271.3964146633943,9984.286204317401,808.7814870897007
124,1847.2871290056885,6161.764467991807,4546.332234315064,30.8434061516415,216.58247664017657,637.8758037415417,337.511061828666,1498.8946421378357,2367.590105495375,73.69092947193845,212.17866129771326,1098.7288048509397,8945.165849317098,20366.754795339195,58689.58936287516,228.86740691463154,8707.506998070881,777.1105928464884,1262.4179578739995,4236.869968977547,4984.907167739264,35.78984032571316,292.9571740478277,514.0574087599913,204.18528542254296,1011.4891468510032,2508.4490806988133,62.23212319985032,230.02432191173233,1327.679220969975,5718.908254006257,15051.013959067337,44339.92493362352,278.29443551202615,9904.826092762938,783.1901370978155
125,1846.822803769137,6138.654998648909,4427.882887432913,30.8648237044161,219.92863868842977,643.3446241183715,338.6839712523749,1506.541356615664,2361.257306253977,74.20119079625742,209.64904596051483,1120.395602436499,8935.149980583255,19766.749965614566,58391.09880219905,229.83201760776117,8714.118984687046,765.5700509989416,1279.1397693399185,4295.595035549974,4978.065658546082,37.60026802122593,296.75391586124897,537.372814387083,207.67483212882212,1008.9663111045957,2549.7797613075622,61.971731159836054,228.1425859181831,1290.260144676268,5744.058046096316,14999.062220232956,44116.10762710497,279.73475597699485,9920.908665893663,787.518517841478
126,1844.9537942073066,6104.503624725722,4273.709182816685,31.217747444456275,222.5164199443252,638.4825505668467,338.14323640473015,1507.887651823809,2350.8172965660906,73.91225488026711,209.25029510264142,1137.4924655058167,8737.67716196659,18968.698416932006,55290.84738131101,231.9222024570812,8522.440281363355,748.641732268674,1282.6751892374052,4308.443645263687,4903.700194415947,38.53425373136997,297.24299032986164,500.91914662718773,207.3001415588849,1006.635392608742,2476.5904409966124,62.983763355761766,233.3061018063376,1270.032649898529,5812.468519850323,14546.2693213396,40828.26614589617,274.668662398681,9541.209304926982,757.9912507089914
127,1851.6947789398967,6102.942583811303,4305.229008140107,32.73324780030684,231.1303961736461,651.0646720040928,342.944143406081,1534.049738314539,2386.046221566471,72.76851649125192,205.68408357920973,1193.3339310646056,8747.261100457754,19155.368187237087,58061.8548481673,235.8210039003329,8689.270241347132,753.9961801319928,1296.7317069968674,4406.247927481905,5053.961156296233,38.83454932272434,308.7793202251196,505.80763521790504,208.8698339917653,1017.3324985007446,2509.119348697985,63.56253593042493,231.55793560283877,1303.5397375136613,6103.390260928621,14875.162764347864,44084.73070586845,284.8275465663522,9593.719046789596,690.0906353347441
128,1851.398378090601,6077.186337304286,4332.003026975594,32.96393865888769,235.76318211164892,663.1512370362426,343.0804906410075,1550.7939035467746,2423.072535209132,72.90985249338502,208.94250818369065,1217.6744406996352,8675.270057609869,18761.871951245117,56430.020572993875,238.7776479238814,8655.559569711042,724.7450926253806,1310.687470970163,4494.57917703189,5064.696551221112,37.36847099661827,309.662262275815,515.1529125273228,211.0651901521676,1007.7511252462864,2459.3281566432365,63.437163423746824,229.02325231569506,1336.4199942857026,6076.770680550486,15394.943986691309,44132.40727246925,288.11364996694033,9472.440856022116,720.0803041638446
129,1845.0123004215188,6042.759240920116,4248.124191635348,32.99669614434242,241.8049442089643,673.0181371334828,341.4861895623203,1547.6517124049308,2404.9272673721566,73.02689909342338,210.86885841601725,1273.7144684553148,8460.76538352525,18309.11523885179,52679.214797816494,239.51568539630287,8550.36437050358,729.9544901147549,1309.383160515735,4530.206410370887,5013.952902205288,36.23469853401184,309.3040140122175,511.7435304224491,210.29219064572385,1003.249202998355,2409.6125793786096,61.67863297276199,232.2913599087546,1318.3678100218376,5949.995303022675,14700.27976969607,41044.8009599559,285.02749665342276,9290.39117803919,717.8579278967293
130,1851.2928219497064,6050.09477668481,4296.581671658395,33.67720914157954,251.86088497789976,720.7075496839753,344.2914579343286,1559.717436139754,2502.1323157165084,72.77545847625218,210.5328098021222,1393.339355863947,8614.128379347118,18304.47171306496,53612.15836749114,239.9943543027748,8636.413672108576,720.4168693329349,1318.0688056725853,4636.960906627397,5124.618959960838,37.225034445524216,326.2952736467123,501.09130108356476,214.89666045167974,1022.6376011191558,2456.101912809536,62.5682838242501,242.55520775156714,1391.363997728626,5983.0696414073855,14904.528304566218,43250.29546440765,288.75835600756113,9256.593667504665,746.6905526500456
131,1852.5434147554618,6025.367095048902,4305.12230207122,34.34045187180693,263.1238777771818,740.9167170994209,344.2378073343396,1572.1668718434362,2572.9718741047564,71.96237168342553,213.06121515419446,1441.0800756031815,8475.51781832667,18113.052954576895,52679.91059313579,244.61908637447794,8611.438737865865,729.0537075559298,1326.587388345708,4702.4811111806885,5062.064370855316,37.89363744854927,331.9536383599043,491.3883247375488,216.4051626891785,1040.0097185193251,2465.4812860519937,62.23738429509103,234.72315885859229,1394.726192614436,6009.887640025273,14869.501274932696,43196.09720931575,291.50390610359614,9108.773878161253,703.8150825382781
132,1846.7981411231087,5985.827096388117,4240.17011316552,34.905361506071955,271.57177753780377,737.145897197001,343.72011392528947,1574.033718486147,2566.2268415785584,71.61605725589801,213.8835379454674,1457.0806153792323,8342.51217247628,17752.509049687185,49600.411549481476,244.41995004144584,8448.954144228597,766.4762934160955,1334.2462445101391,4724.911804999152,5049.292426379646,37.97448310256004,336.65446405112743,494.88726314902306,217.98895304485092,1043.6570140539359,2451.7391903779157,61.971895745024085,225.07936733203627,1373.6974487910668,5876.42091625537,14287.962908495738,41946.85331899052,287.6178817402572,8851.910935803397,739.8871168972564
133,1847.598386597141,5981.703680478676,4256.611180550832,35.26214531876824,287.7228643125431,785.3028182369289,344.78680525168454,1595.2257170094401,2631.3948157543873,70.40094068731096,218.55710987886695,1551.4008298747465,8404.627075203038,18271.03366970288,52053.45532687686,251.82994819012558,8532.976411930007,785.6292870734677,1350.3563874209922,4827.820379819338,5180.333029639845,38.95096209645271,346.4190718382597,515.9199671447277,219.4930267541004,1087.7081227867554,2479.0860215804228,63.18612203374505,230.11175655561186,1460.0972919672727,5904.066794066186,14934.447982956244,44451.28804548209,288.64909456186,8966.175317300502,747.5625401617599
134,1842.430185294021,5947.576482386409,4284.693395229249,35.817597302523524,304.52028355713594,789.63312988209,346.14791372300226,1612.2909796600406,2686.212534800301,71.29898319139399,222.68905153333236,1570.0452241315986,8395.11214698874,18291.778795328948,50970.99975671687,256.8070729867979,8378.329350955206,807.9485417463562,1366.6910457815666,4848.654226053478,5277.880292268718,40.841414108872414,352.1021070033312,509.40282878279686,222.13735437228212,1094.983009007449,2458.495237497613,60.64075839158613,224.53728619764246,1473.3508698552846,5965.064580250338,15042.80334329334,44002.27444084113,289.9467021774501,8800.058726268766,699.3384659418039
135,1834.9508061377396,5907.379380989365,4244.370267123007,35.92692492224953,318.423523533412,796.7233581579093,346.36489718796497,1612.3864813206535,2680.15411881122,71.61068084243347,221.6334313073393,1616.1767382755424,8338.851636571346,17861.202938394053,48906.74595540897,255.96064088615506,8158.867855647796,800.1341683741772,1368.2135186250944,4882.763777580084,5253.711969169105,40.35260120034218,357.0394054800272,514.394165366888,224.67971881314048,1095.452277135725,2461.3934622686356,61.49076923367102,224.88010344455637,1473.4150443484386,5938.961505446389,14841.97221314636,41672.58763431137,285.7697387736291,8454.596633814532,682.8278511294297
136,1838.152781787516,5907.798130183799,4354.5678575850125,37.13481246883219,341.58060682361776,822.2019055684407,349.764212817221,1636.082633550757,2808.7669845697037,74.30620196004483,224.7246664103685,1724.42084793322,8443.337321334648,18550.518539764606,49860.929201790335,258.5623053859581,8098.872852584059,801.7679087068095,1387.658536458357,4984.02739657583,5320.494354421521,42.54591539502144,369.2302603274584,564.2347847223282,228.02236213370094,1132.415976608172,2444.1520732305944,63.14007788535673,219.21313134382166,1546.9226954390606,6277.540849340886,15266.35096925497,45032.41807960098,293.53837933900456,8405.980964921671,668.8372545966081
137,1831.0760634079911,5895.502000078398,4407.937903172886,39.03237224167044,361.70772952925074,860.6302674936525,349.6173592722194,1650.36448353653,2846.8639325832264,74.50206056321886,228.5963519604369,1781.3043343377833,8378.736109756068,18433.0324750123,48596.161917339225,260.8020183124326,8010.225504682201,796.8478367003528,1394.9204721394615,5027.771298757416,5244.517315352584,42.79359579086304,370.39208944141865,560.2553945183754,225.8700491993023,1139.1908819321543,2431.279109908889,69.30362844106276,222.38208438505728,1614.7922415941953,6228.086475422412,15776.281854718924,45513.13972559199,294.44081493976216,8299.189512298406,682.7554122734638
138,1823.1749150284472,5845.021179985722,4359.286337548879,40.407031519846484,373.37827475323826,840.4456306045705,348.97223163462536,1640.787914775875,2815.793046112172,75.44574734382331,230.16521139673213,1753.5338707681856,8189.772546953009,17573.735863668935,45664.38391939754,261.9606381714344,7771.174800839482,808.4683997016965,1399.4936683059668,5063.362967492363,5138.033998801931,42.724453777074814,372.2014276832342,539.1771538257599,225.3716179041458,1150.7579894606024,2424.325919135163,68.47015068877954,225.00372832318146,1622.3870311925807,6084.683637266785,15724.776068985462,43622.43465477849,296.59701844813924,8039.763392616585,649.4096485901447
139,1825.8353478626932,5837.553449912433,4477.22339221693,42.181419876488775,403.42736071709436,860.8985018621792,348.81362590734295,1657.1604442334299,2966.2969158115197,76.57815666716884,233.86253801353953,1844.3033021153824,8256.0507430413,17721.126531866044,46392.778962459975,268.4278939773639,7793.171857761526,824.933607096383,1418.072611404862,5155.067406864187,5200.096972807869,43.691380351781845,393.0439213961363,554.6449249982834,225.03420106156597,1176.22976570266,2525.116694354763,70.95917049248237,218.56634455223877,1663.2918509592614,6171.85649282528,16473.969500541687,43805.93177000905,303.0159341669331,8003.019147009925,715.6888854631355
140,1821.937816868445,5812.459335769687,4569.963980566937,42.900932523337275,424.4878567114021,866.9282369505275,352.3471267783149,1669.769842145621,3002.3636203051005,76.91174160706049,238.69390246095983,1850.9919245087738,8169.515435518324,17354.66385141786,46263.96610542743,270.7457674697493,7681.785650492969,809.7823020277602,1424.3497385478577,5211.239071054977,5257.437034849947,45.494609981775284,408.06562684476376,576.9716337919235,224.0552892593933,1190.471344281609,2554.3138140924275,70.26408729155082,224.27704245646794,1756.1267576595149,6169.542580298343,16409.500103076298,43655.172156399734,307.5111081427584,7829.0418650937845,709.8475654252937
141,1815.1451212720824,5775.16684142799,4616.025971876824,44.006089730696246,436.13258328040445,851.0632234811783,348.63947541513716,1677.1256938156198,2919.317447253649,75.9854306885126,243.03847409473227,1861.8112570325532,7972.565606559722,16927.147801557756,42534.316224584705,270.92460454151484,7492.901661901983,785.9344193090092,1434.5480781101,5239.46321276945,5089.031355971719,45.74421139061451,412.0783540457487,574.5428885221481,225.30237164183387,1201.159882524982,2466.7793556936085,69.41655005712528,228.52698976456497,1762.3271219313147,6106.741650917063,15723.392746527988,42148.06989722575,307.9043422377358,7499.5620651851,727.0465926655701
142,1811.721124402269,5791.916992453923,4789.438183142996,47.85518518903039,465.7810358956004,876.4278267188506,350.4913230782826,1701.7977009780823,3038.7241585376073,77.73229830322617,253.52910117041884,1925.2029417417266,8057.218485657374,16971.749137599403,43691.512327413846,270.4385076735056,7464.543213241731,792.7464949817368,1445.9703503471178,5342.8098727265715,5094.121689145391,46.94234639406204,430.55515053868294,554.0361542403698,228.8610860862725,1202.6647798195481,2579.1825471408665,71.04369420011062,230.61281431376312,1839.0099393859505,6277.500660606156,16174.903210520744,44673.374817263335,309.0100958502541,7405.2565669036485,782.9337838022482
143,1810.3416262962082,5800.489446013091,4888.556963712594,49.62110185081308,480.84179745569367,896.178371201862,350.9160775551911,1705.6845949964436,3080.572036889738,77.70290958830579,251.9773083248373,1939.636521482829,7962.86917169925,16920.90428076283,43763.22947626286,270.5891843466145,7297.720529874869,806.0232846469589,1458.6114083351258,5412.582163887691,5067.749644693359,48.70317608118057,457.19508534669876,602.2265890538692,231.0549620662594,1213.3838095143437,2552.126962993294,70.78206996817607,233.7047088311054,1901.6129008308053,6153.742012896071,16268.289379000664,44525.007156740874,308.28098601164913,7285.742713773572,775.9541566698324
144,1796.8514484901707,5760.489448620794,4951.815290268337,51.33450395952571,495.91383124029994,867.8110687190837,346.3434526981899,1694.417352331803,3043.226534999049,77.69825596650216,252.77258305572195,1915.3651093587732,7805.474540447104,16360.430698221968,41195.250009178395,268.5318552518433,7061.904594966118,771.7640546401341,1459.8682154351534,5427.731335043879,4991.21981470945,50.41453221440315,468.45676040649414,608.0236144959927,233.28870875879767,1216.9233794882894,2541.8444824721664,69.25260171492118,234.85536432921265,1853.3999983087183,6014.999506421815,15703.424439907074,42769.733311425894,308.68092577221495,6997.56629822783,759.0114240972769
145,1795.3721797601227,5786.862716894931,5207.146617062961,54.532680836590856,516.9514986556587,892.5031277699904,347.3459870877384,1712.2773617549976,3139.2660079619195,78.54769626299314,256.65502633204056,1960.8386660037615,7881.6710297053505,16711.200538726152,44101.62014354359,269.409459230665,7119.956539489265,774.5835751714129,1484.746393234438,5535.430348515482,5136.125028954571,51.27184793353081,490.55542097985744,640.3733529746532,235.25393691405299,1232.8954516127706,2648.8877383377403,71.0663906057598,238.24432562946652,1833.2117870166899,6189.805481523703,16443.421415686607,44909.02911640331,308.0304622432838,7118.099396621509,779.9105458387307
146,1785.9280388397958,5793.035637480126,5362.760459526816,56.1665144183419,532.4287246420528,930.808069597591,349.10238791313776,1724.9266160398422,3138.0945181668703,78.34607900312227,256.99441903743775,1971.7024241053696,7716.662282492537,16764.059643807417,44642.86996650696,271.7580014766165,7012.300725350526,862.1197740186344,1495.247352453849,5590.763758549296,5086.542554330454,53.674056857824326,500.37064619362354,645.1310584247112,234.705006641593,1248.288583882153,2688.7014689829202,68.19485965929925,242.70874326586102,1878.2375886902214,6276.964563146661,16480.9487413764,44210.073933850974,308.42092624617123,6967.758877372071,839.0748504527978
147,1774.1150173385593,5773.424401025985,5367.539406957484,58.11905363473025,537.6742831206683,923.7194768623872,348.76347630224114,1716.000721591952,3110.0210736804834,76.92193485700497,260.2796711750554,1943.0273807410035,7565.906258955508,16250.571901715752,41816.495183858,271.7330641846765,6826.991490130281,859.6795068459079,1496.281095200808,5608.951978836658,5037.56315205656,53.31568130850792,499.38842360675335,637.8740790784359,234.3430463571811,1257.241471119225,2666.675827899203,66.99541262350976,246.60875741302345,1889.6450191900135,6196.359681882392,16124.459483146667,42289.922905217856,311.2356593341877,6744.9651886565725,863.2443289458752
148,1776.4989654673425,5807.195693946803,5639.999346510581,59.227215346964925,554.444724329719,977.0286685878581,348.10591068883406,1736.9251220100452,3213.10110757667,77.75252298508404,263.98383301410706,1960.732472898021,7563.614376315023,16546.57732404369,43642.85331339457,269.5456607604569,6764.8928002602925,928.5006944721397,1513.2647068670951,5699.094499705357,5176.265262553718,53.93843385577202,509.3613706380129,656.9462874829769,237.5600496455495,1277.24238537997,2752.8069959755985,67.20186521671712,239.8746509617505,2030.0767391487957,6314.875675586169,16258.37446796894,43232.02591873333,311.3515720957269,6754.93282394044,995.5763719578584
149,1778.200117651948,5808.113709926484,5782.422192832389,59.99530784379352,569.093546398887,970.8890922394665,347.8616998018077,1736.1507716834444,3253.734685425596,78.53586346356931,268.4465059168862,1978.26180094625,7477.230104092578,16482.69786514376,43954.45562513579,270.8712477495273,6615.753487390183,1006.8462400002913,1522.6314628633672,5737.826421288771,5132.122873590886,54.959596395492554,517.030092254281,648.0574828088284,239.52621057624265,1279.294444553554,2761.8609427885463,65.89601785130799,232.99670381148655,1993.825577916205,6327.954840776627,16323.381214648485,42366.30156266689,311.4322288924207,6696.922409775523,994.9955206414064
150,1764.7840707697303,5780.040370006603,5759.4438488088,59.46554549444806,575.2594183333443,938.3233815269036,344.86209361579165,1716.8080153741519,3257.273012765519,77.50217807738844,263.928984795601,1969.960004499103,7307.875460046439,15821.620116842225,40645.287188131704,266.5896248628696,6353.066126684206,1030.7636172988198,1534.6832372236067,5761.917526079339,5072.09467844814,55.30553242564201,521.5442344099283,660.7386137247086,237.99012290681048,1292.4472951740026,2757.557742457961,66.62002548016608,231.8209613641103,1943.065448698898,6303.277156886761,15679.553194850683,39510.86987912655,307.38728964266676,6487.754996668589,989.1622407933077
151,1764.436085140935,5803.784487257439,5871.746605961263,60.157065816900946,586.9295208537668,955.7137933373451,345.18354416840043,1725.312273372113,3345.8290218522147,74.21932611044383,265.6609896439946,2000.814935016632,7441.811379260637,15949.194182060775,42001.14721356197,268.3881124611153,6340.871566193871,1095.9082099741156,1548.4753289458963,5892.51782477088,5107.943153489985,55.6963744238019,538.5648502260447,686.2412235736847,242.1094279102449,1298.328958556056,2827.280321072911,66.63074456341565,231.67999220689137,1985.8569769834478,6221.152630728786,16080.765471925337,42578.4042276144,311.7974373095979,6505.353593968643,1031.0137050648532
152,1758.35896207481,5791.250283450558,5862.262143836819,60.60588126019998,594.1715261369492,969.3424850322983,343.31136170841233,1717.830294249445,3341.4209995862857,74.9247432233145,268.55839569103534,1997.0900037458448,7441.163723121537,15925.210740052227,41451.682967809116,269.7869061069958,6176.662120990796,1108.1332040411055,1562.384150070573,5941.527759494256,5120.754428346314,55.32359353452921,542.5270168930292,690.3433934152126,241.41961650917574,1311.7274372279644,2821.576944600915,66.89443671889603,233.0570796559254,1975.3568358694513,6223.097910088603,15502.978643049795,42923.51439678669,309.1834365719308,6553.166327757927,1003.5409820576509
153,1751.013296121821,5751.6277179022545,5776.207111239187,60.315962393175475,587.8052235600171,941.0153399326584,342.047337570639,1707.9412092851317,3300.0851786408207,72.67734497147754,266.96521228917624,1932.6282963127799,7266.702062980244,15354.69301132905,37972.610896040096,268.8951612061623,5975.108926157711,1084.3389554529479,1573.4469694645454,5958.1970024872535,5118.053192091485,56.04877246171236,542.4999750107527,668.1339305341244,238.41931368777796,1292.9878496627014,2778.1798956109833,67.8000338692218,231.6172867844502,1996.3277883604167,6069.713204656844,14679.128911127646,41443.482283473015,308.72487834033865,6374.186046097966,981.4514295756817
154,1749.7864882029733,5743.609758279352,5831.856970544772,59.65948296135122,596.6659524307557,992.8207954222506,341.21369691131696,1698.8188442005703,3321.0898899942376,71.14687269017327,266.845069265772,1964.68729795362,7315.548614461313,15343.96534977753,39746.403108569706,271.83874511185917,5986.388965125505,1087.2021513700486,1591.1774153247654,6025.063742102058,5271.439437481264,55.82218233495951,553.3139386028051,679.083962649107,240.47806845972582,1310.9210145274799,2905.5744428946327,68.55805016867816,237.17841253976025,1933.4980175942183,6158.647778148258,14763.530303349096,43678.408990553275,312.04211517112947,6472.280971272749,961.6822185218334
155,1736.491063830525,5715.100304907733,5748.865700314738,59.47385869784789,597.8524238713311,981.5220847617496,340.69186922455077,1686.9410937225628,3303.3636362994516,69.88595358795966,267.4252981688489,1985.6719660856506,7283.509911789136,15310.263577817417,39468.401973662054,270.81833404311624,5964.534074905334,1059.6356123895357,1597.7061351075947,6058.12492552983,5201.974979194501,55.85722655802965,553.4773622304201,706.3500084578991,240.35909961531206,1327.5146856258314,2903.7205905356755,68.09853232465684,238.36166779498257,1953.3577388375998,6027.0024950353345,14883.860393275818,43582.598228863135,313.9476074321816,6483.87770876682,970.3114078938961
156,1724.1903215800246,5660.76218990386,5565.6592570286,59.7327665253119,593.2229814396211,978.0552816661922,338.27342006083165,1664.0406337589375,3232.991005425136,69.29241960061094,266.4091047067082,1927.9716648249914,7136.330268836382,14883.510541083588,37637.676909239904,266.9968510632262,5792.906185837548,1036.9232308315507,1594.6800189473845,6056.556246971957,5054.869930493334,56.32724118977785,558.6454262882471,663.3633976876736,242.28312550107285,1303.200297171871,2795.187117297327,67.78645833395422,238.32507426838077,1946.901997451981,5916.3044052867135,14672.86415913701,40305.04459088172,312.32446918326116,6441.717246864202,1005.2294492979845
157,1721.4283290245353,5660.248646984637,5554.254050457396,59.49483931064606,596.1039555698181,1043.0161749287086,335.6320285077499,1659.240237557652,3187.271888459206,69.08557634772451,270.7597506026878,1925.1753784732389,7181.417598142249,15308.572324426239,38843.690298133726,267.90848330304476,5834.711245192503,1031.6135703534792,1604.738465955716,6120.098765272892,5183.163432079056,56.13225019723177,559.8852090984583,687.3488839566708,243.96518095949932,1318.3717459837596,2836.913425307845,68.39298064820468,235.3985116610924,1977.7708270425596,6141.051964953347,14951.624001711607,42877.02194203064,316.94779780941707,6683.816914446119,1041.0718914628028
158,1712.1672711466335,5613.460636244537,5499.216551073311,59.3969484242526,595.19071676266,1030.8117103630846,332.02425281162,1639.9395284206025,3161.7204518133044,68.31078246817219,268.5020715629061,1913.0102554566931,7087.836301798012,15190.118337767042,38487.29643653649,265.3989369274089,5866.433536999838,1068.023129386613,1609.4762376437452,6164.25675741235,5242.910966520509,54.90773940831423,563.5269137769938,687.3448809683323,240.19651504973217,1337.3755090932052,2802.131291525935,67.19132042489946,242.33225829700626,1990.458266335229,6133.499856692544,15323.246083150307,41901.81181145832,311.90696152485907,6680.627313048604,1048.6768874287604
159,1701.7310636574607,5541.297954387154,5415.755513842097,58.15886505083604,593.554540230695,997.389561615207,330.37826649032246,1610.1286020592934,3069.178223460461,66.70904221628426,265.7008531507669,1874.882586158406,7040.824350497599,14856.029297436,36310.359239696554,263.5195422543721,5781.264536269467,1021.458749628067,1607.3047921399143,6140.952028285958,5224.861950459224,54.39305553585291,556.1235574632883,705.2736241817474,239.40512990573689,1327.125668729345,2716.822526752328,66.67135581932962,240.63224293092887,2028.4329374010363,6127.310707491628,14906.341520706812,38661.51761151478,307.7627367321402,6659.982300545735,997.9957822918892
160,1698.0537218047846,5498.434326647829,5347.632361652785,57.99633995511315,591.2764274507309,1007.9125924381343,327.43337629871326,1597.5109538975717,3105.5136159662948,66.46798201808424,262.94908688090965,1880.28232691577,7030.938068165584,14790.842308804115,37833.912362477095,268.6354739061811,5887.838396842513,1005.7331776272167,1610.4322065974143,6192.831488173701,5326.553357777142,54.568314127624035,556.001719519496,729.54947245121,237.00448806206032,1317.128652771314,2809.9239091270915,66.92786267213523,238.0641721020142,2037.375161615511,6326.530632701508,15292.096560120583,41189.1432290189,310.29141223368543,6891.110653565291,995.7410529017449
161,1688.8066210094764,5447.95987009101,5263.809233890644,56.59935707937587,585.4589781953079,1001.4065758694302,324.2757610147688,1587.802934625808,3103.180316246369,66.48596499408737,264.79419683782436,1868.9444652170846,6916.187662132422,14684.503115944062,37027.77681979537,266.1831023414027,5869.352214862839,987.5932805299759,1612.9460521007445,6209.951188449062,5346.652184106055,54.19644268602133,555.8627469986677,731.335302233696,240.0374315236828,1314.6537296821673,2816.8302893632404,64.88150654546916,245.15145135323206,2079.7132888312144,6111.194789436451,14984.351569652557,39723.27058983967,313.5070062094678,6935.31433886882,992.2113654971123
162,1677.3278910267572,5389.876929057567,5124.860961989979,54.193944741379134,580.1908287326946,970.5651885108514,321.0984668226293,1566.042874354277,3036.7725831609146,66.04153162195827,259.2445797207229,1800.3887933517947,6875.168907260013,14290.606332886933,34940.87589901415,260.56665926367947,5747.078716354956,943.3246586156613,1619.1287672112253,6170.38470402161,5285.098445406698,52.59871109575033,549.4148246198893,716.3525490164757,236.1163119529507,1280.4474999358256,2783.4970372412354,63.095149947330356,242.15734875599543,1988.0102376217642,5881.827521077785,14142.478773474693,37449.03626967594,309.97879178461926,6819.444573331504,917.5548855026562
163,1672.6061291183134,5367.397076099409,5106.336690480114,53.21576176448302,577.9514322581164,988.8586204648018,320.30115977441807,1564.9766362227901,3084.0513058426964,65.91657157061678,258.96058003925015,1812.2746111443548,6899.565981966639,14388.723494818347,36160.81494724534,261.57146450886216,5831.375677234773,942.8803332552765,1632.3847846130398,6243.829202674202,5445.506699192666,51.69076254218817,548.4403407722712,722.6640045940876,239.94103977132056,1289.7144657423098,2874.9474652502686,62.63213134370744,246.34650941292443,2037.779560911159,5859.625436238441,14365.144994735718,39290.709273230284,314.70444860694306,6914.87169082426,918.1462866624197
164,1668.6116946071938,5316.2147444813745,4963.2258828376835,51.43746350570159,567.4702261553117,989.1468151861972,318.94396548942495,1570.3810653695277,3092.7904665303304,65.24381057195592,258.9382918901967,1771.7786279826453,6747.602170899623,14353.503998588061,36533.9949015574,261.3440821415547,5822.102665912047,912.0197315700126,1649.1864685785781,6248.435921229295,5513.219681055347,51.40924059599638,552.6407105177641,737.5583862364292,240.9580178638122,1293.3926729957261,2852.3539072027697,61.404613411054015,244.52690924803414,1984.086040047308,5869.304794353239,14376.202276229858,38417.507160078734,306.7408080065002,6923.446124383439,930.864203687509
165,1650.6496960219104,5248.563239012878,4772.529419715171,50.38747798854654,557.5300971895005,947.8063684539361,313.61650226089426,1547.3820885645348,2933.7478122053076,66.19610507334724,258.7363090994231,1709.8833607633906,6562.351443867453,13895.49114838296,34541.047056913376,259.8078313064394,5797.328013913481,861.3855355414478,1641.1491851828505,6189.613598296912,5427.348925536161,50.613043539226055,542.6612758487463,715.5073461830616,237.44465664822076,1287.678271482388,2769.63489910907,60.636559626087546,236.17919257879257,1929.9039090548954,5678.301430561385,13996.992444217205,36794.476302515715,300.34346694822113,6895.577059928917,945.6309589942296
166,1643.2074474242925,5219.369711051378,4807.590101878264,49.64130695841529,555.7933184858975,967.5887277505615,312.1915123971157,1533.949334270096,2971.168659762116,66.46154826021557,261.51338944385446,1748.716102424896,6619.109822188023,14327.615996481425,36096.30389263413,259.7737442784237,5848.608201444434,828.8655262925408,1643.6485588808368,6220.8343347707105,5561.952925606853,50.04844161123037,537.9361591786146,735.4252314865589,237.17144056457494,1285.8960442865887,2777.23970171756,60.64924775622785,241.94813519716263,1891.3196702773373,5596.813187130533,14440.247714340687,39611.31298721954,302.37291441435616,6906.874607915028,969.478799144427
167,1632.8475590150788,5178.8594753539855,4729.087484084459,48.30938331647353,547.8359703559315,974.705101322044,309.6168422018973,1512.2088765348176,2958.9192686921974,66.02531727019586,255.97602984855573,1756.291407092051,6465.647245928756,14076.254703573017,35676.61876082601,260.72105322877565,5799.377519146524,839.3182304909734,1640.9837987226933,6217.5162642018895,5602.663391743387,48.009179942309856,519.5914345532656,723.609499245882,236.03205806064818,1277.8491020078459,2870.282639234726,61.63366765342653,248.7603755493959,1865.1810293967526,5434.485892063123,14163.02044926087,39520.681130539626,306.90969751353066,6687.219377475325,927.6362831195195
168,1618.0432567227392,5106.151224110021,4640.875503081968,47.480605602264404,543.6315116315628,966.4576436660507,309.12934609527406,1482.0519511870991,2917.5937251729756,64.63116150778352,248.24357630723352,1729.2344545722008,6207.809071635319,13612.087122170848,34593.23109525081,255.2860282412081,5674.68044038931,817.4821781165673,1640.5168986497015,6174.301013061593,5525.362968228545,47.19778301566839,510.3348768502474,710.6095494925976,237.4941139245044,1267.5934028352299,2882.9871893817826,62.31281696818769,239.15385605891544,1861.559805708627,5284.300418494386,13457.293242633343,37132.96202958748,315.0474562155704,6634.122795578185,860.192803343137
169,1612.0705559548812,5079.069545763618,4730.300988054077,45.55835998058319,538.1542533250017,962.2235436385328,310.69367653009584,1467.5309208811861,3005.114429760276,65.35376716969591,248.8921414261966,1771.0696128877726,6262.250427154841,14004.225581149976,35608.37642585328,257.3368194804047,5719.90741593639,837.6587709867592,1645.318625862667,6203.624306269841,5626.684418725258,48.026600278913975,508.2433787435293,745.4563765823841,241.83172811061252,1273.680409051478,2995.953204601471,62.829882150515914,234.78752090533575,1892.3895040356688,5432.714889815194,13658.257508019606,38598.892774473876,324.83898151988785,6669.223989268059,957.608760078748
170,1604.4534548895185,5028.981424825105,4731.541227127007,44.074366244402796,531.4791822697629,951.5200265483422,307.13318608342263,1457.2764306212644,3013.182371873089,64.59798581446663,247.09213024111406,1797.2016339811414,6096.582152234746,13947.35141174973,36554.36130208138,261.8439772658276,5679.931978403705,862.0568445985969,1644.3506624244342,6221.434645833429,5575.802238262977,48.60796768218279,504.4340702742338,768.3169149458408,244.32024031370986,1275.438739515841,3003.6545022422715,64.81951926462352,236.97318309545517,1869.2261119985155,5264.750161728007,13192.356496791044,37521.843693148345,327.41520753080647,6532.911384701645,913.6154191096623
171,1589.345391592229,4953.9039897362245,4658.27158277629,43.021318489854984,521.7299018495462,938.4511174667965,303.1373267273336,1437.3626227968598,2946.537025303797,63.71547713017826,242.88114342639844,1757.4823048660248,5963.585678980167,13441.999616871088,35211.56325784777,260.9058933055762,5627.366795027523,860.7077782110736,1638.4790272097634,6181.5405939090815,5474.328493493085,48.18024495989084,492.5574975758791,790.8374086022377,242.1926349686097,1242.8460007980466,2900.8636436397474,65.8988362532109,244.35156145691872,1878.4542757698468,5208.132119206828,12859.633203248182,36133.75372732803,329.7777612961829,6329.71586310855,896.778815706571
172,1580.972162373316,4923.90929101668,4689.903732487891,42.560315571048044,517.4501175115055,965.495046718554,302.9686613724315,1442.9823649253578,2958.0250811326423,62.126142043507464,244.66102834998657,1824.5453640894455,5933.607995038644,13791.634562155326,35942.221908764404,267.13852123688116,5642.459552025339,862.7975922700131,1641.069082756886,6221.948538374236,5699.557452149476,46.16996068507433,487.55598007142544,840.6294278502464,246.68122159804017,1252.275198109448,2989.523720436756,65.2881546895951,244.11195412278175,1948.1476533043954,5272.330476826173,13006.726145923138,37637.9036094062,338.91058027322094,6255.333455790991,937.11807076931
173,1570.1287485295145,4889.160687188654,4694.28492058341,42.645440713925794,506.30733390491116,997.5888178402728,301.13724234747633,1432.3997712161274,2932.8295608038898,61.98770617309845,245.95500749625037,1838.2168589237963,5742.28990481203,13818.10257972442,35458.280216238716,268.66184966489675,5528.60652140803,909.1447723547618,1640.7847624438164,6230.618228300599,5769.938871067053,44.670565731823444,480.6945527791977,824.6993022561073,249.83370241264612,1254.0662416778505,3037.5583952302377,66.04101282171905,241.0258418917656,1943.0042866397473,5223.336883938056,12818.42126229778,37676.87554467842,341.9829880701999,6216.49739888302,896.5297800779342
174,1558.1223992853427,4823.784826820385,4567.066162738174,41.3928576816212,488.61281783133745,988.474084729498,297.1867886664517,1407.5165016496494,2918.4936201217242,61.09078187247118,245.59406680821468,1804.3885957060438,5562.699045060762,13189.069832578338,33107.97880365632,263.5386111058746,5409.5269188971315,909.2552455728705,1637.7385548929033,6197.070552383053,5832.052340508784,43.66225642710924,475.2786659002304,811.6683970093727,248.8424591545275,1255.0390490951636,2952.433337984234,65.67549058608711,245.18399222195148,1871.829585108019,5101.374134126547,12541.010687503964,34436.37695122883,344.9002843307952,6066.505646208838,909.7233612616857
175,1547.8985188503,4797.86150081575,4629.65868533946,40.854940777475186,477.02929714796215,1025.5189315459945,296.32709809948534,1414.7641941696174,3002.593082672422,61.371236399719216,245.0228436630332,1814.6918263366729,5566.5449456704,13315.411375957314,34964.11688156561,266.1576259939734,5396.089989456092,906.0141338680729,1649.0841665178434,6261.241204072225,5948.636899591769,42.35144434124231,475.6904211640358,811.8803436160088,252.55729648212701,1277.3061643900971,3058.825915811211,66.97161417268217,240.68133176863194,1986.42782568222,5270.659190777184,12828.35109280919,34976.58106606329,357.0712580340604,6093.6335895120255,890.6900534709295
176,1535.2972680630853,4762.886452956924,4645.188658517659,39.201924882151864,467.71293350986457,1022.0236877907406,296.63665972596306,1407.5870337801216,3020.0566430441104,60.587753514900356,242.203675647396,1827.9449241092714,5597.809853120786,13078.891138569279,35439.73435404084,268.4401911433674,5335.801380070601,934.3115222916458,1645.531326136169,6283.822953714285,5927.128615619029,43.32620248943567,467.00543707609177,811.2011742591858,251.2844777081421,1280.3748245450358,3073.7964125402273,66.32888534727195,240.22557912766933,1973.192749206225,5243.984596553685,13160.95779466008,35763.23027890051,360.4221974300841,5914.251704750374,857.1416018486024
177,1517.8938808287865,4689.869666124222,4566.335493341961,38.57243084365671,458.01540842042726,1017.9023465080695,293.1132588685506,1390.917156800063,3006.1039482726032,59.71826601796079,241.09498545057843,1827.6385911634477,5450.6557916614265,12762.968287107926,33668.228901277886,269.0700899281059,5214.216970970964,929.6568282979907,1643.3109575158742,6242.832351332758,5858.69466602632,43.06507030874491,470.5190128982067,831.4458812177181,251.80855980257303,1263.7586712042491,3010.0136204190553,65.63530582251647,231.677135810256,1984.4403694907824,5149.111092421653,12548.02637564515,33899.37220777199,367.8274454909066,5688.571676467771,811.4820522546768
178,1506.7489355035214,4664.536210575177,4777.739949735608,37.77610378373753,456.2795204161243,1097.707249950279,294.79647042182796,1399.2571735814433,3122.5189842501118,60.900197621999375,244.05294695026944,1901.9419799931122,5454.535292948208,13534.610935743416,35618.33852854642,270.93635552125903,5242.484435520397,994.8901677348397,1648.8151032387104,6260.1501969033025,6080.942407807494,43.075156293809414,480.5688723772764,928.3033842742443,249.93646647150427,1273.8003628055253,3161.2578687794507,66.62515451821187,235.04704703390598,2095.5455436944962,5200.96054789746,12901.381528768688,35547.38975204155,383.5908072876433,5717.832842670793,795.5688952684402
179,1496.996124260836,4623.239359594043,4979.343729485045,37.27962763742967,449.4176427579739,1168.1393822323191,294.01863742267983,1397.4580777683711,3289.819457476854,60.9386978659666,238.76607813961576,2037.9241620013206,5657.635715540083,14145.212000429758,35698.266869718376,275.9109773341228,5269.430915754566,1032.700908754811,1653.2762006952253,6276.439310577615,6256.155519362787,43.8376809284091,477.00816552340984,1058.47579357028,254.27575142299244,1283.0374564627807,3223.919772728036,65.42829835787416,232.87971723377706,2171.1477175295354,5378.166390601042,12986.516618499903,34681.97566784546,386.42855271572864,5638.899291787886,788.3638578236103
180,1481.9075548572125,4571.09924351295,5313.607457847546,37.42553660002622,443.87974246184933,1327.8303688764572,290.7894862797494,1388.9478827515104,3524.56442629575,60.027043549400396,238.9368276305271,2261.9761558698888,6056.270476996369,15010.247714134102,33806.735425689,276.27099286730993,5178.7856683898,1051.2999034722645,1653.5745382874097,6255.087367817118,6473.534778210024,43.40072821825743,477.0613121241331,1169.1073713600636,254.33747449134893,1280.4359985987346,3407.362668686857,64.24355666153133,238.62902725040914,2354.5016109511257,5790.546491646013,13038.118628233424,32856.824630549796,392.8401172148685,5569.067507987967,855.6965729475021
181,1481.2109567296377,4566.189084915953,5785.047644308661,37.6145382957025,442.77295142615384,1500.4512072584846,293.4088422300507,1403.7215281380618,3873.7420971057077,60.01192354027069,236.6739550483949,2533.847961012161,6288.254482539688,15535.292064501706,35449.44621051441,281.9174706659308,5307.1425860048075,1172.1261057261263,1660.3639547114087,6304.135348826005,6737.9208677485585,45.55827371031046,478.42107151448727,1362.2486634254456,255.1190659514577,1306.3143665591874,3853.7359638748067,63.92074133269489,245.62975675165654,2572.6153099005423,6206.781808697425,13379.197644050917,34213.28176503504,397.7346488274634,5620.561024845392,997.2057771762213
182,1468.5830240670532,4540.036155958813,6058.160750967625,36.85776433619586,449.11027595874936,1583.9556580565193,292.40986581429377,1407.6682534698355,4075.6487081292344,59.851141403570324,236.76725419344322,2721.908962887345,6271.468936472421,15495.69222473466,34683.27312265743,287.26857371255755,5317.259766594282,1274.5319226279405,1657.2204379846169,6329.516808854395,6851.418705866805,43.86483559757471,472.9995076954365,1459.9145979881287,255.355823408714,1304.0142436093754,3979.798221742858,64.02664977312088,244.36842419008414,2763.6659157241384,6141.55407911706,13146.57977133592,34094.03009085978,403.15769901747507,5651.917018163949,1133.7294582207996
183,1454.9556016280849,4499.353427954538,6205.437745539527,36.62869962778959,440.82962203770876,1593.704451246695,288.3629134325637,1403.1391591953302,4180.935647650866,58.40159405361522,234.4123579514749,2832.989739044146,6160.462841596761,15183.524810977957,33654.92021486976,288.5484760732136,5296.211396493589,1294.5179714357698,1650.7778253654776,6288.034569984281,6867.542859143089,42.63912755995989,477.68101635575294,1496.138950228691,253.25749237453053,1298.7471626727945,4089.6281029688816,63.56850281357765,238.92382748226325,2812.048945562541,6173.980094076872,13061.794455742836,33040.89420371378,401.8828016060094,5636.896183131883,1242.584284770489
184,1445.5281013810402,4494.8566784565655,6613.587390010103,37.187223851680756,443.3263506293297,1703.0561656951904,287.8431495973828,1423.3117506878639,4504.951445480252,58.807161336595364,235.67657720302088,3044.106170082059,6140.3972006415,15638.512345486517,34820.359819715675,294.9385144461059,5389.661687150039,1409.102003104346,1649.9090982961295,6366.655214188316,7152.6902376274975,43.44339372962713,482.8711134791374,1569.4753799438477,252.7376020760845,1323.0462847977049,4289.296829492599,63.78756567835808,248.62863789300124,3019.176253151397,6162.001130731582,13896.094569404919,35226.54374266788,406.6382639048,5837.974657966445,1407.091118880113
185,1434.940498777876,4451.525054456204,6837.185475814296,36.73101766001094,439.0596648617224,1776.7855325720527,285.5757737779804,1427.6360063277205,4748.781245332324,58.7719818407839,237.256260382226,3143.614631584525,6141.043476309934,15800.99672875928,34784.448551849884,302.65777920626783,5433.946174672049,1478.603909329212,1656.4123742642637,6407.778931921043,7280.940600172749,42.56633897870779,484.7947323024273,1608.991826698184,253.87606108799685,1322.8719602107174,4416.645279090355,63.506459910422564,250.431146962444,3114.7163282151023,6104.155171269357,14265.431199093659,34730.462122213095,406.98682974651456,5825.812413249165,1484.8048947056134
186,1421.3800267870809,4423.814877593522,6886.819050022824,36.6707360310988,427.6526852466843,1759.9643686251206,285.8323251737434,1420.7644782169994,4783.7965232201595,56.75023701245134,231.92750346461932,3244.11312028347,5963.86442260599,15357.9371220157,32736.090748245068,308.92820910465986,5438.086713434363,1528.8970657406433,1656.22526856091,6420.4907091734985,7413.239846722356,43.372199870646,480.1256211698055,1576.0485609322786,256.1819200055312,1330.998507961548,4460.963391702126,62.182273741811514,246.11902813414733,3135.2249063606064,5953.199328133643,14250.431196153164,32725.454821836203,411.2094046622515,5803.289070331803,1507.6927604873974
187,1414.72458759255,4416.104059215391,7168.471721150433,36.57534193992615,422.68487408486277,1862.803586190397,285.0257274182553,1436.1078631873177,4989.016166186798,56.91208046945658,231.86321692918284,3410.6790342749637,5927.806593517294,15022.048740637483,35097.29784098538,316.64123919911003,5649.57615925653,1559.9932098244174,1666.9570028063044,6487.682455649295,7698.624435364609,43.26280724257231,487.10548040270805,1596.8973259478807,257.747092178614,1337.2486057131655,4761.431784938524,66.92038669809699,253.9760391543309,3269.7556078289945,5865.053157209535,14169.114418943722,35455.834436745696,414.2299348413944,6069.041879109293,1536.9986965854962
188,1409.5306287793271,4408.4597824978155,7229.340873981741,35.84304961291227,422.8489683812315,1856.9578160697763,285.1649319968988,1440.8268485371607,5091.500577619247,57.820572064681485,232.89213496247928,3487.967172196746,5865.223538229696,14266.699095767013,35050.189824082634,316.9413006941252,5673.175932502915,1525.0142841339111,1664.7977255012975,6546.92039139565,7756.223299911524,44.22528889030218,484.98277643322945,1583.5613936930895,256.90202564910163,1342.8342687337763,4857.192813761036,65.88276721909642,249.83703611943068,3309.259706383447,5787.580047676146,14118.39729674657,35225.49735793596,422.63948410749435,6074.965292068075,1560.1477894186974
189,1402.941463086025,4384.735465115133,7202.714824635829,35.506037614562295,414.1191258701411,1808.9325874827125,284.9120549768757,1442.811641899453,5104.577668977173,57.85209814120423,227.4038297947609,3522.4185523520487,5685.226009797701,13651.19899003921,33693.932198849594,324.9150856501903,5574.200179569509,1532.5943421656948,1652.8836985404118,6532.7634095499525,7734.0288469502375,45.70776795595884,491.6280123889446,1567.3117810040712,257.06654329016914,1329.4628248362906,4847.452196065771,65.29401523247361,244.30669351074042,3248.2924032936494,5653.643060432553,13808.802123884361,33222.72105237966,423.6821108857791,6042.39046348706,1571.4038922985396
190,1403.5739173783656,4410.972291581134,7466.452923018779,35.1549229350957,414.0026580095291,1859.0263279134576,286.40587223728556,1455.7195643272155,5282.589079407311,58.702151814644985,222.3696768643278,3603.3288192315213,5620.5743495025545,13670.701933052349,34740.072710622444,332.5652244672405,5690.459713645197,1552.0859503523097,1668.3398760135424,6624.598163705364,7992.5123284915135,47.832891903817654,501.81228241324425,1613.099470332265,256.69516403392066,1319.398381188429,4977.352522953538,65.96336423233151,248.94476770016493,3443.7868607223036,5624.148648561716,14046.772444744905,35798.56666711097,427.1546585361163,6123.325809399039,1581.352668662866
191,1399.3038342722596,4404.339594686148,7505.127114375929,34.544139764525674,406.3865061673251,1840.9142336845398,289.2077075033121,1467.8688327598343,5405.868953331735,59.24630729312246,220.0959346762209,3705.081490511211,5488.05685745129,13452.403539177374,36329.38002100587,337.49547855815655,5717.632812276174,1572.7631031310282,1667.1847049983458,6669.313561350152,7992.72382707487,49.79923016577959,508.7356457412243,1626.0722487717867,258.1649472208332,1327.1718277572759,4976.111637949137,65.99746710434556,256.66974733921825,3453.244684714079,5496.448009254217,13793.345088144144,35955.14179852729,426.00717350343865,6151.317960605771,1595.1803859273593
192,1391.137980210031,4383.110999155704,7597.218483723171,35.079160777005285,405.2193940352987,1827.3253731402483,291.72904517683173,1474.021514300916,5423.7338206848135,58.36548699303107,217.75955561011125,3697.024489869822,5343.30194931946,13134.234499913506,37500.78281909498,339.0106558297394,5699.289037616469,1521.2328595897734,1669.2887208720908,6671.108809545681,7965.25179383646,49.74392095953226,516.0735234320164,1610.2093854993582,257.2785182686161,1328.3460034369596,4967.286537750748,66.6587905921042,255.82288648340048,3521.6980673849584,5303.813630736549,14004.436505933601,35542.019293100886,426.06302028894424,6143.154510313025,1625.6852777997653
193,1372.414483186329,4348.964471272926,7453.128932939754,34.51683035221967,402.62203445387155,1770.2811396988955,289.6833099014024,1476.213670634731,5328.00011551278,58.14360109784386,213.27795178176777,3608.642528771599,5225.118840146449,12536.051079599605,36265.82893115553,339.23679958001685,5762.081369456521,1481.9635964884264,1676.6745686282864,6632.901968002364,7803.781999409104,49.53084025532007,515.5338280498981,1544.0534470528364,254.75241391773136,1313.8258023201593,4889.634950127391,65.92233862355351,251.1712063715154,3472.1962216774623,5224.001481450279,13597.140964607397,33417.62281176572,427.9186767786741,6123.353253100067,1645.8510496815045
194,1366.144905569689,4365.717857758191,7488.353737911809,35.93412251905961,413.11687205223876,1766.8493452884934,290.5232400515765,1501.5976786615765,5427.720476051053,60.64028464528647,217.35045889227678,3707.477644363284,5101.190370481326,12334.381011526331,38518.9180669324,348.54024922339755,5899.213480833844,1457.7123547322187,1705.1655967235715,6713.5549083908845,7875.093210463629,50.39274553209543,529.2566748261452,1530.343558177352,259.5781605955473,1334.3803093074926,5045.1959362180905,68.83034079149365,257.4343763754064,3504.302301136652,5224.253153837402,13674.510197997093,35030.53306600575,430.01388815045357,6354.261246694873,1625.455518414577
195,1355.1026095082273,4371.944097434377,7510.432210122727,36.15345673127608,413.7657446769828,1741.116986962882,292.5656865775133,1512.102316823587,5424.153413164678,58.7374555062164,221.60791458803595,3718.6738095362657,4967.487686599678,12131.998688058959,39452.20797080434,353.3910365108062,5878.7982985114,1437.792741970519,1716.175360185668,6772.627325411681,7826.85909712447,49.895798705518246,537.9992157816887,1546.9959640353918,261.59819423074634,1330.658190184749,5134.754855866419,67.28710963763297,255.08338286134543,3442.1857261157697,5178.757978594978,13543.98581546545,35645.519402038306,430.6212168286244,6478.649491067479,1595.9796835680804
196,1345.8821022701895,4345.229143236789,7334.922879282723,36.188759901306845,420.8572834096849,1685.1174549297853,292.9906839968128,1507.4882301212112,5274.025511086772,57.76286207410422,219.72526339987914,3648.672750339331,4754.131520881911,11624.086501920401,37579.13042884614,356.3747297442433,5878.562085425171,1397.053827480773,1716.3590488895925,6770.526928699061,7732.7762928369975,51.25128822773695,540.8993775844574,1485.6416123956442,260.16562276784157,1323.067617440141,5029.48258135238,66.7731199581176,251.53896092030348,3284.648436138696,5007.737716860254,12687.292072117329,34101.22718287632,438.32853054801626,6528.473492594312,1698.723550325632
197,1353.891172338381,4403.761148927053,7410.226376687488,36.501256736842066,436.1770840900188,1687.2646376544778,296.0517736777663,1528.4740946611519,5311.141533460463,57.77996161715551,223.26225075333406,3687.830744161202,4745.411358849682,11709.76121193044,38287.43635998079,368.2484301841733,6143.426394262343,1436.0717513488366,1732.5250627686407,6869.680664103896,7986.371828857892,52.208166524767876,545.2526128590107,1470.5259259790182,267.2307576816884,1338.3524580611952,5060.3761395168185,67.6403299216181,265.171936170786,3312.273620570368,5060.0042029834585,12669.01232945919,35449.19157553837,443.8626725057761,6840.216232774406,1716.4769649962584
198,1347.0151365345278,4396.406963891319,7253.958132709067,36.66986156593669,444.4055370976302,1632.259875286709,298.47944885668426,1554.6694600182348,5238.741562533277,59.06907148523764,223.53208258413906,3677.6358475733814,4600.267532541106,11502.208668022986,38276.80144992109,376.3390646331351,6325.543653049498,1442.9372329133294,1756.3062070419219,6898.803030233316,7901.329921448598,53.68741725385189,557.6877371072769,1481.1388115435839,268.092855079135,1361.204809637285,5027.160476250636,66.72394304908812,268.3071348235303,3336.7508749710187,5010.217156401952,12447.508766770363,35136.4253898859,452.7028046379487,7044.250918620577,1697.9031553725401
199,1334.0976158283077,4366.344203026838,7024.532871515011,36.997812655839056,443.24969383972615,1533.444824381308,295.74192143723815,1545.3344625159946,5120.982866291464,58.56799301505089,219.29738502547596,3581.974336436113,4448.446875696042,10819.308905833597,36861.34026403229,383.7378444967961,6411.470680533641,1443.7221655628264,1755.9668961499956,6888.311521446439,7712.053796722858,53.019510820508,559.382177375257,1413.6740483939648,272.20265353288323,1357.3819749965437,4918.973362255283,62.63263185508549,260.514287607401,3293.637088253763,4897.884417247454,11685.451542019844,34613.012659072876,460.1545970072349,7055.97748831287,1677.5450082282225
200,1333.405151433225,4431.522956646118,7026.829026366636,37.547120319171384,452.28648600422525,1545.7844185070558,295.1494711890816,1573.2400359375308,5199.426277043862,59.315861222418874,220.24948577926014,3625.7254272694195,4424.539974045686,10902.292858354429,38489.73007179119,399.6605514710713,6597.045336406524,1506.0301582590325,1780.9087751448915,6991.18634565744,7797.546537852654,53.4409623593092,571.4614260569215,1415.7086032927036,277.9985482152906,1380.86084415656,4977.9418491564065,66.21081488020718,257.5996529624158,3269.5875036186644,4769.838613874395,12291.541291324298,36958.694190740585,472.30217906137307,7242.501220349222,1752.0220632414023
201,1333.244856368499,4454.258118895857,7078.117761827871,37.39031197537076,459.1512086462568,1508.8200037696145,297.6682002181356,1596.2923351345037,5127.526850381301,60.616439975120805,218.91751078882,3591.1365385148897,4277.352965485079,10838.033435173647,38193.11988313361,411.8106522581568,6714.980248544979,1558.9082202869058,1804.834925749974,7073.209401166174,7689.10131170985,54.082014724612236,590.339646436274,1403.0778678953648,283.31552336182267,1401.741822679755,4986.714748625147,65.38399452157319,261.5841840073758,3355.059770849016,4692.507144189556,12524.55003761053,38269.755778074265,479.2720794906219,7397.359119746834,1793.873415694634
202,1330.2257628074383,4474.38384601066,6881.936202141462,38.12707724083554,458.8917216025293,1476.2065190835433,298.9110750111666,1614.2280785016337,4915.574092255849,60.25480199808424,217.09194628515027,3430.540398653563,4132.150536916586,10101.590724094887,36026.180333019205,417.19456746846885,6758.370449932962,1531.6724424474683,1818.4598921205366,7088.355695373175,7427.71651665009,55.09128741919994,593.0323893502355,1327.2457764446735,285.13097908910186,1408.9294776965348,4897.140185241091,66.58049131371081,256.64402337524234,3270.1765169766213,4544.304600610514,11980.788503992557,36232.08285355568,492.0530032803615,7484.128597104302,1821.3894760469595
203,1341.4739766474402,4571.394165281305,6911.232714615538,38.76252673159946,469.7896332984621,1470.221523545005,304.48730469187217,1665.6124670351392,4957.036935999086,58.963814010674305,219.0331611392173,3374.0757594704455,4052.006306485162,9918.940371580737,39135.96609037302,436.0860582078722,6887.899240266741,1555.3638039470236,1851.8705710037527,7278.9140330624905,7607.239135826,57.82288856804371,609.867399789393,1294.2704718410969,291.94647098522455,1456.777543557932,4879.192473495193,69.24702476151288,264.06033671054183,3323.8055383231904,4457.7716829768615,12127.979625340304,37216.574293375015,508.6084875305494,7810.113579694182,1864.6308966497581
204,1343.1042494188116,4637.951387106391,6741.253866438161,39.72740433432839,482.82536843960935,1444.8429013815794,307.232754054863,1705.9105030207925,4851.446386282504,58.36751141195948,212.7139973426407,3254.393245530833,3947.8782700321967,9721.340384810801,38191.44122071429,448.9382711715544,6916.906168762615,1526.0945332451818,1874.253683635491,7368.92916109883,7533.150859962274,58.197410240769386,631.801246739924,1276.3439325988293,295.758076647332,1469.0047086559237,4864.771898070164,73.09442304261029,264.948772133916,3220.4730144259006,4201.141996520688,12195.504030044875,37606.68831562996,519.607436983784,7892.630169726021,1858.7120763878029
205,1327.0195401753285,4650.628910236207,6453.981260070199,40.7736551490697,484.8711178546602,1364.4440760179,304.4043117894987,1695.0394882767491,4606.3701383592015,56.92441333559427,201.4585218594833,3063.0798767082447,3764.88503023766,9085.386625689627,36551.858732336405,459.36817528567076,6935.051593290176,1543.132736513522,1884.809132898746,7387.468620456489,7288.990448650091,59.08329738676548,638.60402623564,1242.6411652863026,298.0055872146395,1478.265268125385,4683.125690737554,73.40626659849659,272.1350176349574,2937.210203043289,4059.313919517328,11359.689821477732,35941.66355919838,534.1382449110349,7927.358175097512,1849.286727231741
206,1334.0086127671177,4753.281860633756,6331.935360949953,42.491164245388724,496.0320519019257,1317.2310463948684,304.00429853234203,1716.4522030074038,4499.656893377987,57.92684544622898,201.39887341793738,2978.1838071147426,3814.849789759975,9248.167938626353,39163.28006296176,479.8603176243151,7098.676043503347,1569.7083858193773,1927.8980027667162,7580.000244043502,7238.518693217387,63.241995081305504,650.5574023351073,1273.6202051788568,302.21823004769783,1520.070028551668,4650.212709733409,72.44809973845258,281.28486252777714,2966.0934102502138,4114.901738907327,11473.205855365595,37458.58674427867,550.2116292953491,8281.3546186175,1786.9674763302007
207,1346.7510050765725,4864.370957450108,6181.453173830092,43.90956136855212,505.0559425706213,1258.3027195009317,303.9209657169369,1746.0940188540203,4363.423360427848,58.42421073669737,197.6327568394668,2793.8572662046286,3707.9808911103883,8997.330874374597,39502.0525721709,490.96028009181214,7279.879797785756,1580.934027506366,1953.2573025694035,7683.8946453726185,7091.351515638851,64.6385019570589,659.1036484995857,1217.8461315780878,307.6563110936433,1544.2268876813353,4486.352653074823,71.4739399314858,280.96940449826855,3019.8159338153073,4013.613654937401,10905.637060538927,37767.22630569339,562.537317571789,8437.66558010525,1821.2467892507711
208,1359.3117059229571,4931.854895604674,5903.574912563037,45.173849165439606,518.5330431596799,1190.5984915765848,304.8886934670252,1752.1146256878974,4106.113562807435,57.64738171750849,195.63606317413576,2626.6285470238063,3533.0491312352783,8553.78573207801,37018.491673260025,505.21060319233567,7323.271401506307,1548.6719420396919,1981.5181064942237,7804.0254128521565,6855.861642712377,68.46112559735775,681.2025065580383,1224.7293324023485,309.3130505222827,1546.8960191888114,4223.058845294081,71.50713570276275,278.56304348461765,2898.877893827028,3896.2580591997053,10242.728272513548,35940.88828389967,582.6063821442425,8547.008420044502,1817.4375373065473
209,1394.3781817374477,5129.52658601118,5893.790797087801,46.521091488274664,547.810606346889,1161.6401875181632,311.5720277871314,1805.8504181835235,3994.912538141458,57.54016253352165,204.4637473598574,2565.2626530232965,3480.269136127763,8699.725137463816,38515.154729214584,521.892725831067,7443.439312935602,1546.8437801209363,2027.9536468334838,8002.271140927661,6798.2860225032,70.97738572955132,719.140282006003,1235.8246460705996,317.6402079364906,1605.5579644647737,4213.599298459851,73.4910452500917,287.62102938645023,2877.8897586978146,3806.4073112331876,10519.370141025385,38595.66115634764,608.4669379221896,8875.738665699711,1824.1369914690654
210,1420.4782471968304,5235.42008742757,5788.5604836115135,48.24658770452846,560.5347319489175,1129.669825158336,313.27796216265597,1838.5582840624631,3846.254186225384,57.70021051168442,207.0411705639326,2478.461818881941,3388.627290714781,8782.623884449711,37794.21202644435,535.6367710561237,7529.100168001655,1532.8228149390322,2065.694472631226,8102.580765535025,6579.394079783581,73.03067034482956,743.7963581392542,1205.5887046605349,323.81976611676316,1642.6637862083812,4172.358772995633,72.96453638980165,291.57360009305614,2801.846627028452,3618.1583210550793,10562.658460962772,37756.64498516048,621.9334644081691,8864.654798427971,1782.279618748029
211,1426.3008372386325,5304.097245590922,5548.250148245583,49.3902420184829,571.7944408302957,1056.545339839025,315.9126891232066,1849.0222706814156,3649.929443823744,58.31251688437028,206.47584565056093,2328.185054835879,3262.688915737561,8334.551564696469,36287.14591756734,548.2913343909789,7520.484346433924,1534.4747660642063,2083.8303112031617,8167.902149495571,6366.7730127475315,74.5886519253254,742.226336539723,1172.9336185604334,325.36737907441955,1656.4034806447726,4017.1667298302673,75.55308604845777,289.9612912853851,2718.5218622403013,3563.3711971365456,10353.12135762771,35242.61911116565,638.0724779071907,8955.500977279495,1738.9247219045956
212,1472.4522545811835,5501.484912867113,5510.867516383616,52.327348920432,583.4314563680779,1018.5494566166943,318.873957354818,1882.5561832902558,3530.8628861544653,58.66530287807638,213.1185688315919,2269.699073252283,3261.9812394312835,8518.229286624664,38675.72542518377,568.5425983968784,7663.7128275966015,1596.38841514928,2130.104237952987,8415.940048468201,6368.7036349179,76.87645173072815,762.1330572376028,1194.4164098650217,330.5523122450958,1707.7668945846458,3965.091603124576,75.88622724125162,291.67481470309633,2641.058057985372,3534.035719257896,10574.150064734618,39006.9181862923,656.2435740830997,9158.236638356995,1704.2432772596676
213,1497.8154353582656,5640.424706691586,5416.84252352642,54.44011032581329,596.4009672213684,959.9930274256251,323.6022371929871,1903.8692096046877,3346.934012832239,59.24842838536609,211.43940145183694,2176.629509140256,3174.7838217765093,8185.309419533918,38522.24727056785,583.4439671070061,7697.880115945183,1595.430473989945,2159.616444589915,8589.24331394182,6362.063627973363,79.08861228823662,788.9169028112665,1090.199231132865,338.9080834961186,1749.8453268465896,3889.1098788275694,75.45204531261697,301.0591442903175,2499.794749102659,3415.3291663221316,10498.235211046536,38719.769534152,669.7531557160119,9205.009274742752,1718.7821363886196
214,1523.7870140753294,5747.962609069516,5253.277481484772,55.662580912763424,608.7928797142072,905.3977032019334,326.4402286451303,1918.9175407280977,3150.1685061983935,59.639433001930065,211.14041044359857,2046.206224442156,3084.777891121579,8062.49101826468,35985.288669916714,595.1779602742331,7653.838611687603,1554.6832454108574,2247.5085929339475,8663.51132842746,6162.447847154901,80.3473414182663,783.5305024096742,1028.3964099138975,337.9417579094569,1770.9635510005057,3732.4782229408,75.56656736740842,298.64701050721544,2384.0497134741813,3356.991195588489,9703.90982861519,37326.27505926415,684.1125906782845,9109.784212630739,1699.5704284389815
215,1564.042634367125,5992.657737073902,5144.881192851425,57.510570244355634,622.9074085869572,870.9835778244517,333.5070807707009,1966.033990176293,3006.439946873023,60.610682846921854,215.9881747255584,1986.432697771801,3099.7392120795716,8482.621058507137,37115.830528416416,611.5178666036915,7830.793029567862,1585.0547429812418,2304.4292922298455,8869.852351302286,6057.71137157695,82.85765404999256,822.1199508020654,989.4792494028807,344.07899524966876,1828.9853562235833,3697.440703174339,74.1302952975966,293.57228189908403,2327.710992390911,3399.439353170921,10101.67139698267,38785.503636520356,700.937856958496,9301.211615488017,1720.9815765102703
216,1612.046910186784,6158.882954766798,4973.535485064361,59.52327348427339,638.5588802126321,771.0359146473082,335.2795686122926,1980.905186287517,2870.949153906772,61.765849630037934,222.18368961042043,1875.1912505371874,3003.790435971726,8733.190025754144,37495.83857337453,624.6720774366775,7864.72596844488,1591.6867975630287,2347.4575767893893,9000.61746668896,5934.843895541522,85.9909098148346,838.2041489193216,901.2636297792196,345.2807139024718,1853.785538506508,3585.9221275606415,68.52093148836866,295.8480892350568,2205.4884834239883,3334.105383203109,9634.77296240149,39204.27256000042,715.1561860051627,9341.162292221557,1702.1015242854753
217,1638.846230536423,6305.247061798558,4719.174060840057,60.38026305220344,650.3272206593643,686.5099713788791,335.95020608945936,1987.9230734111234,2674.3517432315216,61.55282925656347,221.50230477062559,1746.8035470606571,2914.2335333319324,8769.731911497736,36765.56667319753,636.0608619590374,7797.020505255813,1560.3609552583655,2371.5244413395035,9133.880913079058,5670.98362612664,88.30406999588013,843.1123949894682,793.0883904149134,344.16004855713084,1861.4107662558556,3301.5273892788746,69.65529895434156,298.221953408946,2024.3910112430653,3137.108305503358,9400.16323668776,37465.8218845129,720.8421277907366,9261.27007779317,1712.644178243478
218,2374.415767947997,6629.955311585029,4736.955242014755,63.48882654580203,669.2754274308681,673.2866595644842,340.13259994720573,2022.659619103914,2613.407803017304,62.53103570007916,228.56510408076792,1690.306216843007,2826.230026508913,9104.752726494515,39647.75717687173,651.2132083645147,7914.368352060365,1547.9442842857143,2425.4270069141494,9365.879507734402,5606.12227561811,92.77130042761564,878.167746485211,743.9324613561232,347.58220694968065,1925.0200743198395,3144.7792279987198,72.17445692280307,312.58342285655874,2018.2539807409048,3105.547324110498,9944.25447867332,39021.2187615633,735.2826722022767,9529.715119628478,1728.874860771497
219,2424.608264003452,6879.778668410034,4724.607859624727,64.6931635629047,681.9046133675358,658.9258762692863,344.03140319970396,2061.391393144609,2536.1255381488854,62.6945326224421,226.4664729588724,1627.763855802871,2879.7335750443467,9348.732171518484,40730.63330801617,657.5670941614518,7953.959310042134,1530.9508432241746,2470.2431651111538,9524.862279876097,5485.274343617154,95.30561103671789,893.2013601968065,777.9719852556784,350.7463219315704,1978.8109707515155,2974.302490350471,74.74868938187137,327.078633802165,1961.3918061653771,3023.064454097976,9880.568436821482,39987.84317791462,743.0859744903321,9485.59768996474,1783.0631862362225
220,2466.421607096138,7036.597080475764,4557.766779653494,65.7640134746378,689.6764800775458,618.5742268873887,346.2852316787375,2062.855610281816,2422.1042785448076,62.457336878686235,226.98595833497032,1553.8892948056198,2863.6987045164365,9179.32807880926,38956.016848082974,663.2311303324545,7886.290633251089,1477.285809233488,2506.6492621723405,9598.903936929713,5381.94190168221,96.74713220447302,903.9969795653597,762.9058576573927,355.84192865785417,1996.4643128197108,2875.3248637361985,76.1767536685802,324.5207064916982,1882.7679458747307,2959.336686526169,9557.948660155318,37941.50192320347,751.3266770002122,9411.321739850808,1769.2190802176792
221,2541.7082301870873,7341.7373187296735,4636.444910929683,70.99924146587199,702.7133149569007,624.6180062388831,350.9592506248469,2111.343046099534,2413.6057928459627,63.646687277790264,229.99706677675667,1497.866147932449,2952.258633637609,9402.36127510177,42014.736455566235,669.4751236527029,7975.648742132476,1502.9271159083298,2565.2901138563616,9852.733112153062,5485.75171786387,99.39676966518164,928.0087058851495,755.5243020703394,368.57343518730465,2038.7597064207707,2817.7692631725135,79.71019732067361,322.4924017360105,1874.3038638323546,2930.495839417656,9559.74535594402,41265.38874399662,766.9284713175769,9606.174221466226,1729.5668365339438
222,2589.881139559449,7591.506862967729,4668.521893387393,73.52255194295536,718.5606833056293,629.3668696270747,354.7803918393802,2143.760297597945,2361.973045282653,64.64492778660673,230.81731373603114,1452.2132247783406,2980.0184183017777,9397.43410951609,42902.76383208795,675.8149006942682,7919.885570778991,1451.0759856570849,2601.9648493198074,10033.965288813135,5366.638482529315,101.03595664352179,952.0374026754871,765.5878837754328,375.50428776513996,2068.456404669157,2763.6152631107634,80.21081063756719,322.54092168264526,1848.1810858637095,2883.95951289006,9203.60448220589,41245.59969627857,776.554373841174,9702.694964915758,1713.0884899477164
223,2628.9353398106687,7739.3958475706895,4632.540107634045,74.33517832647671,738.8353301838717,631.2407089620829,360.2047663984277,2158.845265563374,2283.95023676446,64.6243672239961,228.67537554817184,1405.5309385086036,2933.0756680159407,9437.267039914801,41348.50960066391,678.8642516170262,7816.615725096789,1434.8470685785467,2616.489983906592,10100.116648535153,5224.354807559046,102.4862068220973,966.0650143483654,717.8204905440409,376.5814424052483,2087.4903320203935,2639.378211602684,80.86400782177225,320.3197778409018,1794.8655412882567,2787.162122304916,9265.228547843479,39764.640288472176,786.1795177491381,9524.76666165416,1682.678943612178
224,2699.549395391394,8063.498477967374,4688.674986506064,77.97322348572992,763.8330618478358,656.7322036610408,365.6865781237082,2201.5645750884305,2269.806228783636,65.33137161533037,236.90346549847328,1411.3024847785116,3004.2533648237586,9933.680474967903,45248.539717438725,686.4882773919765,7919.581518316115,1444.334739050927,2665.249505389725,10316.830420315484,5340.322526244003,105.66379221528769,994.4951499560848,766.1342060019572,385.07254243713083,2138.5026923994933,2619.22604475927,83.63191564986482,334.5679416721358,1854.5600306481124,2808.4176591790515,9749.749928744815,42149.4727717638,796.4242529155687,9638.025382453445,1623.053373871247
225,2753.0251572239163,8317.24491492233,4718.631914842685,80.19280940836126,783.6553004340014,621.9268414107236,372.5074608502899,2212.399916959893,2226.65903820558,66.02314722718614,237.39930710998868,1402.7464029416378,2967.7168483659625,10063.45138504312,46414.33919005972,690.4369187842941,7913.159618130959,1456.9786148087803,2712.1929617144738,10456.634498924235,5232.264868773698,108.33666711300611,1014.1257433453575,781.1277756144602,388.65487021278796,2159.2355801145945,2630.8841790047163,85.99090255657211,338.7384403909538,1829.7048135737577,2794.196888879617,9757.15632561066,42248.956904530525,806.5249880360439,9632.99394217493,1609.5617230912048
226,2791.1374361499275,8473.000699419446,4634.564872098327,81.57567309249531,800.6077411618422,597.8417214263569,377.88526641585844,2219.3565224092117,2196.8358699508685,66.9923150449088,237.4514090580332,1407.7070116479676,2902.6342631208176,9911.753898769673,44885.90375993757,695.0830612345401,7780.196832608815,1443.7817195229718,2744.134865271357,10539.97588060156,5155.248480854112,110.71083273738623,1037.1970865884796,770.0794644206762,392.3272448735581,2181.768174899689,2560.1556663748497,86.35704897204414,336.7726848488345,1796.2176330427328,2753.194415674289,9400.903536232494,39993.42910921574,808.0607822047546,9474.579601778209,1581.747990546624
227,2873.443933436143,8780.945052435256,4760.23542774771,83.72905664552341,820.8441098180007,594.5355500741439,387.0174323311742,2256.2112536254253,2216.002686936837,70.10805168928522,243.18000364293172,1415.4129701769198,2871.2424409696555,10886.521704163622,49263.81502721815,701.6639124751317,7873.518003992961,1421.0851530586488,2806.732124422796,10799.061936851396,5288.057393364786,117.86921756714582,1068.1062357584015,842.1672395318747,401.11145614655277,2248.851682124606,2589.5418638226265,87.0577889145352,339.06683201246403,1847.1996806005636,2751.8971608734923,10225.808202656292,41157.75615131855,814.3749247150495,9630.06476148329,1583.1499442438285
228,2931.6729920562957,9019.821140266506,4784.286222993964,85.39998679811305,841.5064284594899,595.3346398635344,395.4658772331854,2271.9616034310875,2210.940986256798,71.21459503787936,248.82796063015374,1384.6872889648785,2895.698110344735,11297.715540885458,50127.72418505061,709.9573844427638,7813.409010303744,1438.9388382035931,2844.463027745294,10962.073716671322,5281.20338974698,120.96835073083639,1095.1865646103397,833.8618085235357,404.6594291640714,2270.4122300426875,2572.682154515075,92.3244793326594,341.9518977766528,1936.19479838411,2745.762371144374,10192.647454889797,41218.6794577837,825.6916982376947,9582.046133650958,1579.132880538702
229,2973.2152964965107,9194.449830427317,4691.410258617543,88.52419337901202,852.8669449642978,597.3069934375358,398.779925485282,2292.6354911173835,2217.018360411669,70.88503869464903,252.06548011653769,1343.7201162049264,2909.4265837299104,11047.93347455082,48877.44761273644,715.474426684077,7722.386695803244,1390.610163680764,2864.3954198378397,11029.893493770116,5135.9550105562175,123.26583772152662,1112.8033360103145,806.4840459674597,408.0396071834758,2286.6682783495103,2482.3114939020948,89.9251939789392,348.7953860058254,1956.3195810705424,2682.514219931443,10187.61444583752,40680.79289972782,837.0258916610851,9539.621064007566,1547.442179530859
230,3045.4016407091435,9539.34378257936,4874.6073846151985,92.10248038443652,881.5763617222282,625.5397588520339,406.5394857394304,2334.8222665344224,2253.879737755656,71.6310422899145,261.0802055524015,1382.0572584990298,3005.7093240085883,12004.542056671775,52414.63859728899,724.7817767723266,7751.207430208606,1396.9083305843465,2914.329156872439,11220.68716683002,5231.952841771677,127.7555130943656,1145.224929467775,810.2442068904638,411.63036973907504,2354.762951252929,2528.635768129118,90.2321964786388,359.1388943089908,2064.412441824873,2701.0474611959653,10590.896615179561,43380.07319509983,849.7561909997835,9544.193884480406,1590.6432175508567
231,3101.683164977988,9797.930122167778,4908.600486465621,96.02382215044715,910.062381290238,659.2921247012687,411.1431107413469,2360.826495299737,2274.2471700140018,73.2702913844224,267.47087720658254,1400.6189088713038,3073.029898714839,12257.241280356317,53973.831916956464,731.2711261104679,7668.259164640553,1377.7499527924504,2947.1149601015522,11364.273266102986,5277.998422705169,131.5508071705699,1179.1647568503395,825.0652156919241,415.1125270830736,2396.2478124480162,2568.8422565397495,92.1381189734675,364.97868408698497,2122.738519012928,2710.760092779179,10411.697888763927,44369.90568315983,854.4003106350078,9479.352304680557,1620.56451897536
232,3145.8319074855217,9959.632589144081,4916.967797594684,96.99536456303163,926.4323473203589,683.4744563825203,414.8715721044457,2381.7192259205112,2254.741735531615,74.38944229393293,270.38364186150073,1386.0889823906348,3091.8282136601033,12194.63385519403,51924.04890556335,732.9077309072244,7524.3732257694655,1341.7576451034772,2980.0120226422273,11431.895067685462,5260.397499425248,136.25116043537855,1189.3429553071037,814.092455431819,416.42614703944776,2426.6458778064166,2545.916362994599,92.15152018377557,373.36822469968257,2118.3526807228723,2658.353444081227,10216.636382015728,42647.99695837498,858.1003849407657,9369.387641698198,1579.3895205330282
233,3213.931790433766,10280.782061026572,5042.813800838103,101.18516581708735,960.223234529861,704.300399982568,422.9076210510495,2432.7018374710374,2334.6846668405065,74.1877589352203,280.5555801724706,1451.9072277733774,3170.403556689169,13308.233115625377,55283.7379152009,736.0792599645754,7633.144317559377,1369.0753454172766,2973.002922157344,11659.566372048846,5360.6146160493645,140.55514845997095,1222.686622501351,812.4558949321508,428.4508354174242,2497.3937770407115,2690.6921743886546,94.51739647844806,397.7260269119209,2162.4375455180802,2798.661685806195,10488.359054120563,45127.92112207413,864.7755303433164,9452.427859184649,1513.8039491247564
234,3270.318343368767,10512.65426521264,5084.651605776548,105.02345298637043,986.1372289071707,715.5152606386127,431.55265836017503,2467.951351225376,2338.667853989776,75.07601305836755,280.2448912866952,1454.8112664988548,3248.2342791963706,13482.415030122524,54306.55055027586,741.3483135835917,7602.544784539731,1335.0655424255829,3012.419449916628,11819.29556926041,5417.172309272523,142.19988001137972,1243.9741924712434,810.3155410140753,434.1159599380836,2557.369989616743,2749.9177247421817,98.49992979923263,404.7593793167537,2170.9868384401,2872.0682348128953,10579.882474669,45363.850862026215,869.6050665875897,9390.968182575212,1555.0609714374655
235,3312.14241900933,10655.585185873304,4973.961800801556,107.96611658551477,1009.9694097756662,714.0797351616802,435.2179720674972,2482.7949981255965,2318.5637287465306,74.97541408099686,285.37171341152316,1449.8655363798143,3266.5764988814335,13573.876095310843,52399.83014881539,743.1647209146032,7529.054707299193,1273.5968873058564,3040.7882924529395,11865.605917525283,5253.400961839195,144.32285622507334,1263.758447737433,762.0106203407049,438.56648186168525,2581.0279325376664,2792.132869793661,98.47921265522018,406.03107671875415,2165.311546276013,2879.5271136727724,10407.075977850141,43275.433730602264,863.093308111094,9194.757725816475,1459.7600552028134
236,3390.1279774009486,10954.016023260016,5032.523072422075,112.17605163292451,1052.2871599099176,732.2873084454825,441.5496735123543,2531.427404858849,2398.9693258498955,75.64000721947487,291.8003985095066,1491.7310826525545,3410.035069881966,14110.094668188958,55755.87578165459,748.8476980238476,7526.742128781553,1310.7261920183253,3087.456678852667,12105.145550054303,5397.034914739962,147.75468526035547,1302.031836331822,798.2499201148748,443.0539302336321,2640.2912727575217,2904.5145612172164,101.75937258312479,419.11458747524676,2204.506430457036,2975.463336941282,10739.964793729963,45243.0943403244,870.0851205041632,9215.427718197809,1445.9470440333798
237,3442.09848890186,11163.191181441893,5040.342533098128,114.44339095462452,1081.174254299226,728.9658933679264,450.34480676187394,2567.1670705703173,2398.3177055052133,78.60028143356921,299.4280556303847,1512.5153992212179,3504.837778537562,14018.24634559154,55820.92171458737,749.642380766819,7510.694345800521,1258.5562095109517,3131.475149530649,12228.960057367376,5355.317505248423,152.54886005073786,1341.9971646377817,791.9461604207754,446.27961727700097,2671.888921008578,2947.315118043808,103.49174135038629,428.1660003407663,2158.080817232529,3066.706436273137,10542.827962468069,44517.0121165514,869.6310855498537,9149.13893978348,1350.1871261185124
238,3484.4529963269583,11310.286041978194,4924.471993551341,116.91575863144614,1115.1630832508883,735.4265250509435,453.5355236376926,2603.7940075966444,2356.532510248489,79.21750554436761,297.7063909524179,1483.7581636670866,3485.6961423303146,13772.413061915327,53078.304057301626,752.2994882717503,7426.702724787037,1210.7008760372796,3158.2731932349297,12297.472394806136,5271.468287699457,154.40954376012087,1368.96749597881,770.1341829448938,449.67081707439286,2696.940723554364,2864.2500041715184,103.19523139903322,427.075415913648,2174.1897638738155,3070.8405335810576,9877.521774361532,41941.557373166084,872.2609018286689,9078.769364794598,1343.211648979357
239,3556.00745165547,11607.811067749019,5033.566709019791,121.3458727083423,1171.769580397755,734.3695603717457,461.5384934082325,2657.9600669931283,2454.96804621042,82.9270786141243,304.24248691299164,1540.0698746533105,3491.9395156448536,14336.850872907078,55593.695300785155,755.9257790265888,7504.947776105264,1180.9181116024652,3223.048427012507,12523.811601342535,5277.800763083533,160.26909958571196,1436.5114290872589,809.9371019750834,455.9948509310952,2788.175540627113,2995.879617789574,105.18270713696256,434.60361478168426,2294.7073337733746,3127.912763629535,10307.593291232983,44408.90320837498,872.95371968057,9038.16057854941,1338.9466247941766
240,3615.5115262525305,11839.180447792487,4915.216240630779,125.95381847565824,1243.5016815493052,733.0296893986789,467.5779596909804,2714.008450952443,2438.7427972834516,83.8141538066733,314.0586893259437,1526.0226599675239,3533.2545037838545,14274.879845045134,55440.638676199225,758.6249471505708,7466.649003990568,1126.5550630576681,3266.743249344736,12705.271407176331,5313.895559049729,165.20260264724493,1520.3968697050586,794.7997694164515,461.99239094682247,2870.391590143066,2997.867306825705,107.40695013711229,442.7851829274362,2320.619025354584,3231.7722539347205,10160.196619848412,44800.26417529583,875.9041408350691,8940.807454887909,1328.0208886847608
241,3655.7572036933548,11970.337544097232,4759.668592244257,128.23431061343715,1293.3837599043143,715.1328015327454,470.4845715200734,2750.555470417846,2417.932460422708,81.60847322772624,311.9747117025244,1541.5317341226523,3520.1265651935882,14249.979835853737,52903.74975879644,757.1784317836842,7406.347195371793,1099.6761263478884,3300.4391331949932,12814.98101965235,5127.198625780227,168.83887516707182,1580.1034571239725,770.6449150294065,466.1527702481134,2918.679730529409,2942.5322866908587,110.1171517954208,437.75632420617995,2211.6342394550643,3230.5659829220967,9880.106668651104,44263.68155324459,874.4077955723429,8885.156520673958,1271.7692803130262
242,3719.342331419241,12247.884841814579,4832.275568475196,134.12126728350466,1368.1420607614245,711.4966798045418,476.2082322993437,2809.161369399591,2462.1738030381575,82.48850520084979,320.3626800620959,1548.75965151841,3512.4158102734523,14519.415818832444,55224.41389108806,761.644584286416,7541.636992179341,1123.9906685980882,3363.3598901409564,13028.57243180917,5228.888171709659,173.00806031376123,1676.8880603620782,765.8936666101217,473.7724271536453,3011.634646231752,3068.401031310546,111.8029133961536,452.8160628421968,2251.4209456046424,3415.3861186645227,10151.833792984486,45437.21345142523,871.0691688911757,8991.038704166142,1333.5731803448427
243,3755.167886525676,12467.158155714638,4873.958848500483,138.26646880534562,1422.0326564467766,718.4466410766948,479.80306839892495,2859.4487550475383,2483.806786703732,83.37114819878656,331.5760288138142,1570.090045771996,3533.598259115761,13986.225455869304,55209.64949597662,758.272103921053,7554.647324560292,1169.1549675992042,3414.92170318451,13194.439859289392,5169.688663286053,178.02847339957952,1718.0381067330018,734.3231789916754,477.2508690998538,3080.689133034398,3065.718629876959,112.12245944002643,455.141274352259,2216.181587000688,3362.077706552227,10004.95417970419,44692.938479463264,878.6999023513636,8935.589629232214,1350.2252229324408
244,3786.967245496802,12547.063165055246,4794.643350001588,140.36176580597055,1449.5885010354898,692.1972708918831,481.5705250848798,2877.404036131772,2460.364988949654,85.93036620403555,339.0661736301262,1554.0836332369936,3538.924505101009,13653.469699303287,52187.558709129415,753.6861724072559,7484.14024928305,1191.4111720309113,3445.6438644342334,13303.592674123993,4978.280841600978,179.88772466033697,1767.5796776646748,717.6489915698767,475.22102471521333,3105.9410760936635,3024.921644479223,113.14859458664432,450.31911398555553,2222.820721288522,3340.364412433584,9972.066806733608,42050.0084562699,877.5887870447477,9008.1256707453,1434.0991289090543
245,3847.0711969497647,12795.773380517,4880.470797421766,144.13235219906676,1504.4853683432395,698.1180555495349,485.93250252436644,2937.8660217577763,2509.6356412510377,87.89721414937891,346.44200344599074,1563.6391370370534,3578.8140468859306,13802.261752952209,53068.99649074511,760.7730097206478,7601.5646926883755,1275.7914977673327,3494.9632808790125,13583.143111079824,5046.2894799074365,186.4796589538455,1835.7878629202023,730.6407183259726,483.8241626553817,3157.3024370235703,3164.660847803143,115.60502336593345,464.15256752158916,2347.7952559192972,3515.442116133054,10114.258009850979,44725.603533784546,878.0396055163583,9155.632404106189,1499.1337470880576
246,3890.1881605293383,12970.74703751817,4806.81622522063,146.49261345511133,1544.6932525140319,679.3911399841309,488.4153748809935,2970.202071758834,2497.761824467056,88.38411039198664,353.68742907127165,1574.838510036649,3613.751113847349,13673.83320496297,51989.82279988012,764.039100883156,7605.918318894441,1261.8044947616982,3534.9369417389744,13740.44437017281,5140.059190009865,191.16437112540007,1884.793612533249,708.7233601659536,484.36224401077465,3195.6359769267337,3087.633566280392,115.70362513931468,480.6404927530459,2377.723257909219,3518.6404575026827,10246.078848779202,45116.19392939408,880.5830823810538,9111.495733486938,1514.6402300298214
247,3920.7523257558405,13031.041328445986,4661.038758305432,148.4531773857095,1566.0459494204683,669.7828741507096,489.1789996031655,2982.634267236506,2469.9474604934453,88.21824504113333,356.4081512914324,1525.963269172473,3564.02067925623,13295.567729256349,49178.06476005884,761.866299794953,7498.763547210389,1237.004565836444,3557.912221304351,13844.981551857185,4971.14277971867,194.7697938606143,1917.737930827774,666.9087486118078,488.0318896256967,3220.7584176821015,3029.4549703798566,117.83364047529176,482.05294640447414,2288.391084025304,3636.431275240262,10321.45597988367,42910.96820565064,873.3145698787412,9095.386658427446,1449.516351789236
248,3971.5264502359696,13244.536277793422,4697.833506745777,152.35458523441446,1618.0374189445918,695.9346654198387,496.6518452884669,3033.312788197747,2557.3073929756883,90.2707369424064,360.82552520604264,1565.3170473830264,3646.1498113130074,13601.522269566833,49977.13893472308,760.353000204694,7560.736657045593,1218.6318125775367,3609.483754688804,14119.17555947678,4868.953777512743,198.41402446478605,1980.3758743936196,711.2888932079077,492.40548869861493,3277.9240122449896,3127.5601956021665,120.7564324629493,490.6356599488429,2402.4547225534916,3687.0267785704928,10817.055237710476,43446.7889295419,878.0983653658768,9172.788123585113,1510.116796940565
249,4008.038699753952,13411.240951232401,4602.631488654605,154.5476673990488,1655.1530643315477,699.4139063358307,502.5330610161573,3056.3832385795463,2504.3144398504137,92.52113371427086,366.9094584294202,1574.2751864964312,3756.211397156571,13419.888533303207,48589.17891292382,760.7139415985031,7592.169063010798,1173.6942441730787,3659.1554642045635,14297.15424465961,4844.030997982456,199.33831162005663,2003.589700775221,708.9014735072851,500.7584999813967,3338.3643507224815,3170.258260187693,122.74998256983235,492.04918456162727,2296.324065675338,3702.846611491521,11131.422033011913,43127.003268162414,881.1299539078415,9403.193841515309,1472.2532704770565
250,4028.466720825578,13491.308478954628,4506.334133553279,155.3672456023368,1682.0959599824114,677.7810839089481,504.3085757597022,3062.532270619057,2429.4363322000613,93.2758171600713,367.12103467446804,1468.9952996698294,3813.7349589945693,13140.790934077151,45139.398305078976,754.5666137541109,7624.141495883541,1150.4745636470388,3672.268573800207,14386.082990481224,4721.9052597987975,200.21761993318796,2031.622193949297,723.7072074264288,506.7633319660358,3359.5692298871772,3089.5686341496184,123.9831437212415,491.2032968410424,2218.9998997946577,3807.9936466730433,11009.043907344341,41130.61867419879,874.6520564724148,9452.6695240691,1495.0433689057827
251,4074.985273724113,13673.370610646693,4584.365734169474,157.85447461903095,1735.9568798806179,696.5333546725186,508.5498792550876,3099.813385042874,2473.111356431336,94.49401949633929,376.7651758499982,1432.6125374635062,4062.291212991331,13136.865637293708,46238.03315185299,756.9808002588651,7883.497135737887,1199.443974772057,3728.5557278712395,14629.502389213707,5046.143018978337,201.79819522053003,2082.8921203482896,776.4125926941633,519.4390649089548,3407.673017061626,3168.280369498767,128.687591296155,498.2138520338706,2269.1359546482563,4093.168210438569,11907.500465810299,41374.496707201004,869.6915390808523,9765.55111198174,1485.9474444488685
252,4110.586786334606,13804.95727464975,4728.316873576198,161.32479286600244,1773.4208694093606,755.1251729618419,513.9877339040787,3119.6480277674314,2457.140863507663,95.7141069459983,382.09668139786845,1437.4989033684587,4645.912031367873,13397.606093426886,45086.3044471738,754.6492354070825,8111.04782587731,1275.7781406739057,3767.6275775837203,14793.155384576587,5173.556311109827,204.10307433456182,2128.574625911191,870.9266091634829,526.9729483613703,3440.140084035074,3212.4000487560406,129.8908264306374,509.938958139079,2356.930238634348,4560.486345998128,12052.814933240414,40623.915780031166,874.3144605178774,9811.378737895493,1488.80116173625
253,4130.055370137116,13851.539495357627,4711.30007077758,163.38294750316575,1807.6203533512626,773.5637857046994,515.442884259071,3124.8182993636538,2359.536415200019,96.44022398255765,384.3030027348748,1372.8308502146692,4957.253330164786,13230.079103446706,42008.92512163092,755.4773876680796,8138.142038586361,1289.4599542665276,3795.49780694501,14909.14321360894,5130.732325181247,206.16658046096563,2160.3077290076762,882.9055512001116,530.0411239280635,3459.160920731102,3140.5533751978846,133.25219942303374,504.93780955757416,2223.0536277115343,4861.651396772941,11680.076107084751,38000.02724691578,875.6833522636831,9856.366245552952,1473.835193858544
254,4161.965584604316,14024.34219450488,4813.431437916603,166.92929281294346,1862.9142587719994,791.0703668811104,518.895692697177,3158.264801512759,2382.4400299703016,98.11406266299838,385.39822900375145,1410.2096852425375,5279.358611517783,13583.390116285533,43327.05548815273,761.3162824200185,8304.09081686815,1373.5573925932765,3847.4813656787355,15143.653786653358,5286.354668244601,208.9439654275775,2193.4407406765968,931.963889842232,535.7893514088624,3496.7435906746737,3231.980965020445,139.05521807493642,516.3899028607777,2251.462841016054,5340.836826107581,12004.184597074986,40175.52871943859,874.5422492958993,9970.260597840006,1479.4033099671205
255,4193.017800555153,14119.335863192495,4821.0490908403735,168.27665137025443,1906.3871677131815,801.2231631856977,521.6135500006699,3179.4235514020024,2403.5470208296656,100.22549551064995,389.3963910132507,1390.853432767319,5264.828502155615,13252.8670048988,42274.43874892301,759.6147037162249,8317.239314480701,1384.376241373706,3898.779916381988,15296.79977093049,5331.929528251172,210.8678529188037,2244.286048816517,916.1014087249835,541.0725046000712,3523.4856455245367,3217.375039043215,136.79042397858575,527.752565908432,2283.129912626743,5356.413151881774,12127.740090191364,39816.07164232929,871.3753354866445,9970.776438817436,1453.4385261396567
256,4207.736420139016,14184.718410566518,4775.944080482604,170.21861471777612,1938.0588494695046,792.0814998944602,523.871530776774,3172.6951263291016,2370.4485554520315,100.59263025647537,391.2157598741891,1362.1291636860733,5285.201903143616,12787.087354817513,39474.58586612593,752.651572315553,8251.531320505508,1362.8989907832374,3925.0987618756276,15354.482497835239,5175.199580392124,212.22144251316786,2263.4002360273153,950.1805856277545,541.7143790461815,3534.9502495148527,3225.9445281050475,137.84766444237903,529.5807840555906,2227.9715350985525,5344.708554408629,11965.140217244625,37461.043517520025,870.9606786538303,9922.1494103919,1424.8841333250205
257,4256.155054117234,14325.34967289987,4884.44696228319,173.18762988258493,1988.4813538945534,838.649769190586,528.3519471871226,3207.635263151888,2406.654417950676,103.12292744642632,394.1791840853877,1386.5078383810592,5334.378723074993,12668.644745889247,41149.44852487899,754.5506294546029,8399.01453974616,1333.1651620074267,3968.890987101743,15549.232922605877,5284.822620422523,214.05657460540533,2311.3272765446454,993.0352247208357,551.5111781247653,3567.2157942273966,3280.6027311009043,141.4487104830332,536.9338797956705,2315.2382634798687,5447.765883526881,12178.968494713306,38959.24157946308,867.1005762666852,9966.625717792536,1474.7295861105126
258,4286.19292748681,14420.467435435292,4881.051515715909,176.03804359517315,2028.904352994805,832.7199911673863,530.5216485450514,3216.610476320134,2368.26162709128,104.42848482474007,398.2507279739999,1351.51794706872,5291.068230403192,12795.379186288184,39830.57720495775,753.25523805756,8362.033275229049,1313.3965567617704,3993.52111862046,15673.82242954493,5315.001455708558,217.19011061638594,2358.4230480957776,991.1219431012869,559.455961186508,3593.9954623666904,3327.100279402919,143.09099957020953,535.8573525577783,2325.37659753561,5502.997225484927,12256.492697918415,37005.0002156198,863.5404858192196,9936.118058198317,1457.491136910518
259,4299.654028942751,14423.22859426011,4715.209888484577,178.14767684584314,2055.8618270422926,807.1827109329628,532.1900754181573,3211.5291158012014,2339.9652711791005,105.42554727213627,398.14918096037036,1318.308131006631,5272.373385223249,12188.519397610275,37596.70207274382,747.9438132223983,8325.702890620578,1277.0828110030202,4013.4238733668376,15711.876385377427,5153.587540744955,219.0633342191577,2375.441203104332,1014.6406763643026,559.2441875910458,3593.480446034421,3289.3270878267163,142.9082747218199,542.4767757087945,2275.4319524288176,5573.933496824582,11745.5595159173,35014.3397475183,858.7745667150011,9888.312818736458,1411.1795080125332
260,4328.9468452010415,14549.725657405897,4786.276940108384,180.4363215823065,2106.034382391382,819.6341779051404,536.53599898624,3237.471469306504,2382.857396615854,107.36915209635414,400.53814395529264,1303.8011615041532,5358.783036800723,12079.77493562593,39009.03731619048,747.1786059371675,8416.276156634041,1292.4533087788207,4048.4413479615496,15860.899426713291,5092.207157531593,219.82940592616796,2436.5772117245942,1007.9393805116415,565.0351601144371,3627.748967641344,3383.9852961642705,142.74890149058774,554.5769630402326,2290.611702573299,5625.056816286524,12072.220153256258,35685.93817910552,860.8970264395466,10037.053849375869,1449.8347365478674
261,4355.732940140359,14606.950924635552,4759.750975609187,182.35932891883633,2134.1537170240827,809.7294191989032,538.8516838114219,3246.9075249793955,2371.6892762984676,111.4328093494317,403.8372281201722,1300.1689605577426,5312.7884752379,11921.514412436729,38106.69499696204,741.0434975312742,8430.772348349514,1262.4858272292397,4074.2605101795384,15899.2444721547,5037.836132988263,221.91805190593004,2469.5514766890556,964.5912460535765,568.6869245562508,3638.5139149315655,3387.565555788208,145.2276258734055,554.5583462446928,2292.052277481556,5669.372105340473,11711.38244013389,35784.69072255492,861.1640464713564,10160.28585966093,1447.3853518585363
262,4367.901838815475,14585.863454340251,4638.594301033561,183.26677080582488,2150.03186095235,764.0526377071034,538.1647876062704,3245.501459276957,2296.0583719635033,112.21058698873402,404.38073916406756,1256.516338448994,5260.897272695561,11331.535501138036,35613.947344821514,738.5253350694297,8369.791407052084,1240.5619595701044,4068.5059032471368,15886.441628732504,4899.690140007862,224.0889406874776,2494.1144939083606,941.0026284009218,567.2655980307414,3633.139874819666,3279.062466673184,143.44139033230022,555.9060227900743,2318.7932954788207,5608.195948916487,11343.079536720117,32551.827936261892,853.576490669488,10112.924219004934,1430.4229453623295
263,4399.868046309405,14732.252792109088,4561.515773095326,186.60640256919643,2185.9858008562164,781.0226906646382,543.9520283830963,3260.1615781855503,2360.2679881070985,113.68011737609227,405.84519151078933,1243.8691825897404,5254.9506465132545,11366.578465235261,36532.43664442229,735.1101360822493,8397.932669954718,1255.878772466833,4104.445744625866,16051.85849767933,4950.590014528164,226.5745881125331,2536.678775863722,976.2314181675513,566.5988383311584,3682.6726863980293,3288.9017770212185,146.56570658879355,558.6145839124918,2310.4807762662567,5710.987352959812,11141.248393102487,33330.948472589254,851.5801552524557,10239.337755116449,1397.417864725987
264,4421.74836975313,14764.695505199594,4441.366993654316,186.737970860167,2206.7448429458523,781.3111418594013,546.4321713205616,3265.7869560735794,2381.0037991455497,114.1388850773713,410.7632983484954,1227.8380860662821,5224.460661418426,11178.139830030485,35637.31672554125,727.8796740513183,8344.16373721121,1218.4305614558134,4125.321440559266,16084.887354314891,4858.985666133049,228.3610613271594,2554.0457170773298,978.5796121706564,571.4106326773567,3695.388326955959,3331.810363314677,149.2728816648014,569.1339345306158,2243.2966372330984,5819.707904197276,10978.45978464683,32628.90539109707,850.380565925478,10245.043417049073,1357.0444878002008
265,4429.000082470812,14745.414135351812,4237.1263430944,188.07077004015446,2221.174924313345,746.0690690170635,546.2559598948951,3260.77769224744,2335.387017542343,115.07847992596076,412.2481689231865,1217.4346888023795,5127.913015075621,10799.07096437002,33542.29446158084,721.8009187321998,8314.190001687266,1144.351205522364,4128.981735211252,16093.005775061902,4582.48429680243,229.05332463234663,2563.0595079828054,914.6808441629012,570.5236707565491,3682.057292206213,3171.4258037777035,150.906198263634,562.8205266843239,2226.6524931823215,5738.282401666045,10895.766753216585,30963.22302186489,836.4484011372318,10175.282913588111,1368.1848013063272
266,4445.159319405323,14818.33110741823,4193.04123425556,189.88983531838113,2249.9080992225895,742.8747639872811,548.5472838559643,3282.6396760126954,2407.2434181852254,116.18355742836316,414.43357052541137,1248.0489686993035,5179.058388197879,10895.344360341838,34679.6207972914,718.2706639834652,8324.806851305822,1124.4959698879359,4155.629594411093,16203.110063073691,4456.759382736434,231.21102377027273,2599.864332558587,985.3348014106352,576.541094170243,3714.9545890223235,3237.815426004061,150.82076109247282,573.1908553491037,2263.1026067351304,5750.772395610809,10715.29632570346,33166.31812989712,838.7247981866589,10298.0173420654,1311.0517691036066
267,4455.435687246914,14840.293868559027,4100.547044931759,190.90504658628595,2269.4250958988614,731.0389172055504,550.3921885234646,3286.3083015571133,2397.548838074589,117.32450000461982,418.2789551611199,1285.5765037474434,5183.091873968105,10820.85864889733,34014.35572134771,716.1694191003614,8340.37345249774,1092.554332747604,4174.029485455292,16207.143862473624,4385.529270918914,233.63793855160475,2617.6695938725024,1000.6837009241184,580.6821435255115,3737.8413443472236,3244.3018335969537,153.38267345027998,566.493401075403,2238.674290792147,5818.593175470829,10843.15305107832,32777.64049088955,832.4577558925142,10257.018322427695,1270.1627150436243
268,4464.008406057204,14795.322228354185,3911.333105846608,191.49196450683203,2280.15613056787,729.8889000524174,550.1108956433413,3274.537818301727,2308.17899209906,117.66432559687759,420.0343350546829,1246.4903817367501,5210.2537578587335,10525.423810775743,31986.35412853821,709.6070809378092,8207.49369259363,1039.0313283717994,4177.680935634704,16155.749421375647,4166.6512172835555,234.53053318709135,2638.7067777533084,1000.2340934326251,585.0079487624073,3736.793772717938,3180.5536061794846,154.79939277889207,566.0511737714212,2241.921093996366,6083.703361675143,10665.157143890858,30836.97657096386,828.3536294987192,10140.881960406525,1238.1003040134906
269,3803.114904908222,14853.197605853942,3857.1934072689573,193.74678380787373,2299.5196514502168,714.9467040191997,552.0543206370947,3281.7139035489618,2297.4282995797853,119.2560519415208,425.4572781337933,1284.7288846994118,5483.167055295187,10807.12618063908,32004.01761241799,705.0616923313476,8170.485836517037,986.2323165214422,4206.989700077505,16218.548695626512,4147.685493937879,235.4543207809329,2660.584717037156,987.4408919860919,587.6034379141831,3748.688175758347,3247.803955242038,159.07175131561235,568.3494901905458,2316.3794848410857,6416.007215559483,11030.094941675663,31237.1629229784,823.7290252735605,10120.99373865885,1141.3245606879393
270,3810.7367689541265,14856.70330988564,3826.4333002448084,195.16982798007402,2321.6760398196902,725.596362135627,550.7124093934249,3279.9484499741784,2295.937395986231,119.58188489638269,433.89376513659954,1315.4582975007497,5749.204841196452,10901.657507554359,30096.03800951757,700.7715529759048,8108.649264393739,928.6248474756877,4220.922427870364,16213.40675070649,3979.3026010312133,237.28062253445387,2673.0737599963322,1011.2385629465182,591.8933749096893,3747.509203689173,3280.7463093847036,159.31031514378265,581.7890922675531,2349.9293946513108,6620.197966635227,11016.237208902836,29687.648480534554,823.9013171298196,10174.619837927446,1022.6659775475661
271,3803.3213018648185,14810.947727272052,3644.4288671800587,194.61876120215112,2332.0420632193036,686.9421923594041,549.1784994765471,3266.095650536916,2240.6002833055727,119.95239315266636,431.56296668404883,1306.6572352686742,5800.875499633141,10646.433780198055,27972.528481010686,694.8895186849842,7953.701839541254,890.0958433787029,4218.949517142308,16122.648402584251,3863.0467834267693,235.29862800985575,2682.1137150460854,927.7959843327601,590.7726831259631,3720.865427898243,3169.6698368042707,162.02155615063384,580.5854092935721,2267.3241623529366,6885.274318687618,10797.907410919666,26635.07250082493,816.5093359155347,10080.25552793108,936.2449551324049
272,3812.7411618377755,14837.318591593556,3625.122970854514,196.04005092246965,2362.349136964164,735.6794827417893,551.3193016564111,3282.708376770138,2328.83595764637,118.73165597173978,433.15538026121527,1398.4070269699478,6157.337302115746,11088.114505122316,27884.029208404096,689.8357529816528,7980.537389338791,865.0679581512104,4232.212338433695,16180.063184527215,3952.0014083715423,236.18889109045267,2711.3392901653424,920.4832562853892,595.3111110709251,3734.9432432670146,3234.6607568003237,162.2036243644543,580.6128603319327,2323.787613023179,7261.948119305074,11073.866091382504,25934.516974806786,807.603031764715,10168.720086120902,902.7857188284397
273,3824.366067450299,14802.119029984844,3625.2013126723473,197.1188065558672,2394.166281607341,750.3571693897247,551.8805602764089,3281.724139832557,2383.1461532224307,119.32618776793507,436.4130967435512,1462.313588870578,6384.886824978938,11186.377551944306,27907.595041582532,683.2808172662376,7987.2336992448545,823.3947306676345,4241.071373301528,16148.661146022287,3844.3481018724183,238.61360380798578,2746.0853380793706,907.4182408501704,593.9741219065726,3739.7647655475885,3239.4176403023303,162.90218132408336,589.1014963785807,2253.3234904893807,7875.082404516637,11278.881583821774,26709.464430212975,805.4386075539281,10184.901084351877,818.2134351687772
274,3818.337646649141,14741.845641561866,3555.463300031582,198.3145061717792,2420.4357904568315,748.7342289361087,551.1373269932739,3279.456909170124,2432.4103047811627,119.45312554473904,438.9088804952123,1493.9285788217405,6803.739378693344,11139.987665044879,25406.267448140363,672.3371196457157,7876.461580048959,797.9818561279412,4239.229901659768,16075.605986254817,3789.516017673626,239.32195866853,2754.1490649515763,876.4483786672354,593.2666817687095,3740.5142669249326,3205.4559370813267,163.53627987625077,592.6497721473376,2292.226590264695,8524.637704096735,11158.987272751332,24452.057292342186,796.2376266820123,10141.442307559986,801.4419357138021
275,3828.5895323204295,14875.971911443516,3745.8936767270857,200.21214064549315,2465.647159667855,777.6158887256275,551.4351199866846,3292.744001958777,2553.3612356366534,121.48593231510709,451.64893798891336,1646.1118387514123,8860.470521344296,12467.754796893645,25421.931102814546,667.3424290594955,7983.275405992213,891.689463115461,4251.277241196515,16225.878709621633,4042.5644049229363,241.60707090049982,2771.7733671003953,900.2204353660345,597.108794751976,3772.7516986783594,3401.4889079028117,163.96654647635296,607.292578548193,2525.371570695298,11198.548862837255,12951.522229921819,24783.745092749596,790.8864273233106,10390.549455501972,881.9140621977192
276,3832.155608629847,14893.774667222002,4204.548546090609,200.80435001714662,2487.8471413911743,852.4758735136552,550.9831507952526,3309.6807769998677,2803.6512797709665,122.38252880644391,464.1709930838058,1987.5735016399392,13110.72259282967,14968.148865378605,24808.73910259884,663.1996864148388,8217.302634914045,1103.508321392175,4252.606444455538,16238.010357272531,4717.853089966589,242.35522813349962,2791.3898918861523,994.7080856412649,598.7405140605708,3780.971852844581,3869.047530421987,165.77096466021612,613.7966212928295,3009.057339017448,17280.1073806677,16342.610152405501,24644.010458111763,785.4903098148992,10628.266802661956,1147.0448352651938
277,3826.943189535595,14829.793466830406,4302.661228821473,201.90516911717978,2497.2320149114184,872.7354494224895,549.3356052862738,3312.3689935343964,2830.7475134206543,122.83686452850021,471.0567799747894,2173.950086604207,13797.098041083693,15302.061269583464,22041.75788426083,661.1362174654774,8250.755177276837,1152.2889045224044,4248.594004742301,16139.124263119604,4986.370269604737,242.43194686621428,2785.065953397192,1006.9619955867529,598.764431862249,3778.548196202144,3957.4722095860784,166.09378816979006,629.2119521796703,3144.396349390206,18050.89948538877,17156.902390998603,21758.487177968025,779.4106496376684,10612.572895877898,1331.2701407827083
278,3827.7520535836284,14835.109963954914,4560.117869237676,204.04837939820507,2524.132832977582,935.8461535410447,550.0179810605129,3335.5254839361846,3073.0328408696437,122.68630358593708,481.0471200992664,2446.1638110575477,14339.416246955057,16182.678975167037,22503.24836263196,656.6989866003169,8403.2670567737,1234.1442757375312,4247.403510365548,16100.965180139647,5349.22279481909,243.82114227861166,2803.2168662780896,1071.2908490747213,595.7262389599566,3791.843534326181,4255.633718136325,168.76879171701148,630.3464379012585,3473.27980494485,18599.45898637362,17977.21949349046,22306.14264667034,774.7817037257444,10763.39919337962,1456.4570913868292
279,3816.9137012090314,14785.653739812196,4700.712329696142,204.2266296568242,2538.7864153121004,980.6325655633754,548.2392338465423,3331.7737557645323,3274.1456706560016,123.47489712607454,493.48901801172536,2670.885875008968,14598.53162110566,16231.63881641841,21504.20096891983,649.3513655622123,8407.565919054688,1288.0187456969059,4250.652714101138,16023.02328268777,5535.908500276506,245.27091281861067,2799.921195917763,1109.4262565225363,596.2998116909746,3785.9030755814165,4386.664603534714,170.3442842741497,633.4941026717424,3648.3686908482086,18861.257452360667,18166.710649591685,21571.883879065514,766.7585514041673,10762.655268652577,1529.7648320751532
280,3808.638795044864,14685.395917835343,4720.892960235546,204.58122678642923,2538.823846898973,1011.2291846492074,547.7329557610205,3326.921089028883,3403.767899411194,122.9694600716572,502.939552079096,2813.235825184723,14661.267367131699,15909.743200840712,19087.91803837229,643.3523187217614,8325.401022902455,1275.9385792573294,4237.668739947199,15892.334366485135,5597.444511634609,244.51372020691633,2782.650153898634,1137.0241010636091,595.395902469683,3777.681549197063,4513.895069781318,171.9399293703027,645.4812590330839,3800.282820057727,19049.862577787913,18309.190500450135,18805.171395659447,757.8100672317436,10720.35153579476,1535.6507785873755
281,3808.007168305594,14668.104853325505,4916.391331613919,204.8986641209234,2559.717463076792,1078.8134971098466,548.1947943149115,3344.8221186806986,3633.8590632415176,125.3433775438391,510.326269870003,3090.1346957753235,14714.050951964844,15882.983414668364,18509.547449896283,640.0431945825391,8363.66853748529,1312.076149811889,4233.837445286385,15877.630295827643,5829.633140784998,244.29491489380598,2782.407560312189,1145.4038160294294,599.9273927434567,3772.0078577455133,4747.895536238576,172.589912858326,653.9691101908684,4054.2796784632974,19128.323539725818,18052.489708065987,17968.50154054165,751.3106542331865,10848.161655387903,1548.7795662539347
282,3801.834737631049,14588.934027093614,4992.451564701169,205.02006189796057,2575.0943972258406,1130.9063702821732,549.4727596111294,3354.431676818678,3771.7581594848275,125.81495122447835,517.2067117307222,3333.8183404592983,14704.26103435245,15531.183737384888,17258.741261529653,630.1748015840171,8303.614220389143,1309.414989935268,4219.514195786389,15799.863978549496,5950.661034328243,242.89675729721785,2773.996261545457,1184.0944768339396,598.8879316969994,3768.5703552719206,4920.259498322632,173.58326588990167,665.7839645942053,4180.662149607497,19226.480038811762,17800.122668862343,17489.355746626854,744.937647710531,10778.441636822248,1598.9259934084757
283,3787.6880575070168,14449.829628621934,4969.101234861348,205.79381820153105,2574.8028542622924,1121.453791564161,546.779726359331,3343.3543188871085,3785.488178826643,126.60202808649929,518.6746689311483,3418.442178092865,14605.152022014203,15072.188814096718,15077.06419186565,625.0453084558475,8103.871625883342,1275.1368870605122,4192.717216638448,15687.998226691936,5860.601980748276,241.6132407411933,2764.428852030076,1178.1730493456125,596.4993768606865,3739.283296143636,5005.685663128519,172.86535029532388,666.4265544613203,4320.862927396453,19043.67073922356,17558.03188699484,15374.872901558876,735.0900416178396,10741.364582008744,1553.0950764077052
284,3780.7867437315344,14383.061947940767,5094.237423196839,205.66579026390207,2588.121215338734,1159.762335744771,545.4664393968441,3342.33551484448,3977.404462802591,127.05524441345848,532.8098057088527,3635.9271366241433,14701.550279985013,14734.481249699427,13552.649489450183,620.3338104825353,8091.532434794449,1271.5845161134546,4184.1140567786715,15608.73212539122,6037.001559115946,244.22985684126616,2775.8942567491904,1199.0243375450373,596.6324971764569,3734.2154500540346,5216.651919051632,174.07119921268895,673.671473701795,4521.175663428008,18847.95694642266,17234.945084750652,14461.05805838108,725.0772249502828,10619.000791844352,1589.4607154585067
285,3769.4440037593185,14280.502948874833,5087.415669355381,205.5061537772417,2594.9150040535765,1191.5282341025093,544.7115310578421,3333.2305744137952,4139.026172567678,127.52448916452175,539.1857812093062,3759.9816114587447,14588.545802267354,14156.234195079205,11798.87525155734,611.9521403335486,8029.513739740953,1254.2031315023248,4164.74377524717,15495.23991785833,5992.755046106875,242.28535952419043,2766.1721549713984,1191.6241785436869,595.0704237147454,3725.1788142677397,5412.570385962352,176.38961999537423,686.4782109459242,4638.947937302291,18814.014833380777,16500.963219344616,12909.641632676125,720.7196621102979,10500.491215358797,1531.0761619465693
286,3752.9852455413,14124.65126350336,5001.46224336651,205.32011258466676,2590.6849907914348,1149.2394203381104,540.2690859263638,3313.0278897620738,4217.8368764404095,128.77316984009337,539.9892836389216,3789.5230225782634,14596.412336131982,13773.304569806454,9845.067836895585,605.5675400030658,7897.129842922284,1178.9159340424972,4149.513383044683,15324.069983540114,5880.467160878082,241.44951986521482,2748.198737868108,1156.0320749431849,596.7129652126912,3696.9637473281473,5351.071900729959,176.9073800337501,685.3012200196583,4697.2575609063115,18824.872417469818,16003.734719097614,10568.523641228676,712.0943049294641,10220.305176256721,1442.5527615603946
287,3724.2150190257353,13940.789831167089,4663.678407626348,204.65976801650092,2578.068092699078,1078.1125944202597,536.2340440313311,3272.184745274823,4091.8023699269147,128.412572438236,536.6871086264199,3693.1463128315677,15761.18336072759,15083.702186431286,7606.190682458607,598.0905252528236,7821.331377332861,1144.6212066563692,4115.294019694119,15074.545481694873,5571.323254038394,239.8450426980853,2718.2803300702944,1113.0561546832323,589.4180216677904,3640.0099645014852,5207.74606961074,177.0019202423282,680.6113745130244,4612.141454117994,20359.193187435467,17849.648901998997,8013.275968909264,706.9534385008504,10032.859314360841,1407.8741294145584
288,3858.9492839350596,14289.345972306792,4942.130163196991,206.83970916677606,2642.285904608667,1155.767096400261,549.447258764969,3353.1413524133914,4529.557904827956,135.76213646222922,569.1900301283463,4132.379303885409,16658.012959192336,15603.36015946068,7780.6984041861515,602.1364683870339,8353.17670716842,1202.5526586850485,4244.325186732774,15534.412297451136,5977.067975431184,242.95685663074255,2771.9502713764086,1250.083759084344,614.9809142326733,3741.880236601457,5725.144975482051,184.59453650051728,715.6813614375535,5131.607395817339,21264.540675004322,18607.125617027283,8590.59545147419,714.5089687211206,10546.468145031358,1463.6092738509178
